The request analysis.setContextRoots failed with the following error:
RequestErrorCode.PLUGIN_ERROR
Exception: Failed to run "pub get" in the client project:
Resolving dependencies...

The current Dart SDK version is 3.8.0.

Because custom_lint_client requires SDK version >=3.10.1 <4.0.0, version solving failed.


You can try the following suggestion to make the pubspec resolve:
* Try using the Dart SDK version: 3.10.8. See https://dart.dev/get-dart.

at:
#0      CustomLintWorkspace.runPubGet (package:custom_lint/src/workspace.dart:774:7)
<asynchronous suspension>
#1      CustomLintWorkspace.resolvePluginHost (package:custom_lint/src/workspace.dart:757:5)
<asynchronous suspension>
#2      SocketCustomLintServerToClientChannel._startProcess (package:custom_lint/src/v2/server_to_client_channel.dart:151:7)
<asynchronous suspension>
#3      SocketCustomLintServerToClientChannel.init (package:custom_lint/src/v2/server_to_client_channel.dart:111:21)
<asynchronous suspension>
#4      CustomLintServer._maybeSpawnCustomLintPlugin (package:custom_lint/src/v2/custom_lint_analyzer_plugin.dart:396:5)
<asynchronous suspension>
#5      CustomLintServer._handleAnalysisSetContextRoots.<anonymous closure> (package:custom_lint/src/v2/custom_lint_analyzer_plugin.dart:343:9)
<asynchronous suspension>
#6      PendingOperation.run (package:custom_lint/src/async_operation.dart:22:14)
<asynchronous suspension>
#7      CustomLintServer._handleRequest (package:custom_lint/src/v2/custom_lint_analyzer_plugin.dart:175:22)
<asynchronous suspension>

The request analysis.setContextRoots failed with the following error:
RequestErrorCode.PLUGIN_ERROR
Exception: Failed to run "pub get" in the client project:
Resolving dependencies...

The current Dart SDK version is 3.8.0.

Because custom_lint_client requires SDK version >=3.10.1 <4.0.0, version solving failed.


You can try the following suggestion to make the pubspec resolve:
* Try using the Dart SDK version: 3.10.8. See https://dart.dev/get-dart.

at:
#0      CustomLintWorkspace.runPubGet (package:custom_lint/src/workspace.dart:774:7)
<asynchronous suspension>
#1      CustomLintWorkspace.resolvePluginHost (package:custom_lint/src/workspace.dart:757:5)
<asynchronous suspension>
#2      SocketCustomLintServerToClientChannel._startProcess (package:custom_lint/src/v2/server_to_client_channel.dart:151:7)
<asynchronous suspension>
#3      SocketCustomLintServerToClientChannel.init (package:custom_lint/src/v2/server_to_client_channel.dart:111:21)
<asynchronous suspension>
#4      CustomLintServer._maybeSpawnCustomLintPlugin (package:custom_lint/src/v2/custom_lint_analyzer_plugin.dart:396:5)
<asynchronous suspension>
#5      CustomLintServer._handleAnalysisSetContextRoots.<anonymous closure> (package:custom_lint/src/v2/custom_lint_analyzer_plugin.dart:343:9)
<asynchronous suspension>
#6      PendingOperation.run (package:custom_lint/src/async_operation.dart:22:14)
<asynchronous suspension>
#7      CustomLintServer._handleRequest (package:custom_lint/src/v2/custom_lint_analyzer_plugin.dart:175:22)
<asynchronous suspension>

The request analysis.setContextRoots failed with the following error:
RequestErrorCode.PLUGIN_ERROR
Exception: Failed to run "pub get" in the client project:
Resolving dependencies...

The current Dart SDK version is 3.8.0.

Because custom_lint_client requires SDK version >=3.10.1 <4.0.0, version solving failed.


You can try the following suggestion to make the pubspec resolve:
* Try using the Dart SDK version: 3.10.8. See https://dart.dev/get-dart.

at:
#0      CustomLintWorkspace.runPubGet (package:custom_lint/src/workspace.dart:774:7)
<asynchronous suspension>
#1      CustomLintWorkspace.resolvePluginHost (package:custom_lint/src/workspace.dart:757:5)
<asynchronous suspension>
#2      SocketCustomLintServerToClientChannel._startProcess (package:custom_lint/src/v2/server_to_client_channel.dart:151:7)
<asynchronous suspension>
#3      SocketCustomLintServerToClientChannel.init (package:custom_lint/src/v2/server_to_client_channel.dart:111:21)
<asynchronous suspension>
#4      CustomLintServer._maybeSpawnCustomLintPlugin (package:custom_lint/src/v2/custom_lint_analyzer_plugin.dart:396:5)
<asynchronous suspension>
#5      CustomLintServer._handleAnalysisSetContextRoots.<anonymous closure> (package:custom_lint/src/v2/custom_lint_analyzer_plugin.dart:343:9)
<asynchronous suspension>
#6      PendingOperation.run (package:custom_lint/src/async_operation.dart:22:14)
<asynchronous suspension>
#7      CustomLintServer._handleRequest (package:custom_lint/src/v2/custom_lint_analyzer_plugin.dart:175:22)
<asynchronous suspension>

The request analysis.setContextRoots failed with the following error:
RequestErrorCode.PLUGIN_ERROR
The plugin flutter_boost was not found in the package config at /Users/cudzik/Documents/add2app-framework/add2app-framework-poc/signal_module. Make sure to run `pub get` first.
at:
#0      CustomLintProject.parse.<anonymous closure> (package:custom_lint/src/workspace.dart:948)
#1      MappedIterator.moveNext (dart:_internal/iterable.dart:420)
#2      Future.wait (dart:async/future.dart:544)
#3      CustomLintProject.parse (package:custom_lint/src/workspace.dart:940)
<asynchronous suspension>
#4      Future.wait.<anonymous closure> (dart:async/future.dart:546)
<asynchronous suspension>
#5      CustomLintWorkspace.fromContextRoots (package:custom_lint/src/workspace.dart:515)
<asynchronous suspension>
#6      SocketCustomLintServerToClientChannel.create (package:custom_lint/src/v2/server_to_client_channel.dart:54)
<asynchronous suspension>
#7      CustomLintServer._maybeSpawnCustomLintPlugin (package:custom_lint/src/v2/custom_lint_analyzer_plugin.dart:362)
<asynchronous suspension>
#8      CustomLintServer._handleAnalysisSetContextRoots.<anonymous closure> (package:custom_lint/src/v2/custom_lint_analyzer_plugin.dart:343)
<asynchronous suspension>
#9      PendingOperation.run (package:custom_lint/src/async_operation.dart:22)
<asynchronous suspension>
#10     CustomLintServer._handleRequest (package:custom_lint/src/v2/custom_lint_analyzer_plugin.dart:175)
<asynchronous suspension>

The request analysis.setContextRoots failed with the following error:
RequestErrorCode.PLUGIN_ERROR
The plugin flutter_boost was not found in the package config at /Users/cudzik/Documents/add2app-framework/add2app-framework-poc/signal_module. Make sure to run `pub get` first.
at:
#0      CustomLintProject.parse.<anonymous closure> (package:custom_lint/src/workspace.dart:948)
#1      MappedIterator.moveNext (dart:_internal/iterable.dart:420)
#2      Future.wait (dart:async/future.dart:544)
#3      CustomLintProject.parse (package:custom_lint/src/workspace.dart:940)
<asynchronous suspension>
#4      Future.wait.<anonymous closure> (dart:async/future.dart:546)
<asynchronous suspension>
#5      CustomLintWorkspace.fromContextRoots (package:custom_lint/src/workspace.dart:515)
<asynchronous suspension>
#6      SocketCustomLintServerToClientChannel.create (package:custom_lint/src/v2/server_to_client_channel.dart:54)
<asynchronous suspension>
#7      CustomLintServer._maybeSpawnCustomLintPlugin (package:custom_lint/src/v2/custom_lint_analyzer_plugin.dart:362)
<asynchronous suspension>
#8      CustomLintServer._handleAnalysisSetContextRoots.<anonymous closure> (package:custom_lint/src/v2/custom_lint_analyzer_plugin.dart:343)
<asynchronous suspension>
#9      PendingOperation.run (package:custom_lint/src/async_operation.dart:22)
<asynchronous suspension>
#10     CustomLintServer._handleRequest (package:custom_lint/src/v2/custom_lint_analyzer_plugin.dart:175)
<asynchronous suspension>

The request analysis.updateContent failed with the following error:
RequestErrorCode.PLUGIN_ERROR
The plugin flutter_boost was not found in the package config at /Users/cudzik/Documents/add2app-framework/add2app-framework-poc/signal_module. Make sure to run `pub get` first.
at:
#0      CustomLintProject.parse.<anonymous closure> (package:custom_lint/src/workspace.dart:948)
#1      MappedIterator.moveNext (dart:_internal/iterable.dart:420)
#2      Future.wait (dart:async/future.dart:544)
#3      CustomLintProject.parse (package:custom_lint/src/workspace.dart:940)
<asynchronous suspension>
#4      Future.wait.<anonymous closure> (dart:async/future.dart:546)
<asynchronous suspension>
#5      CustomLintWorkspace.fromContextRoots (package:custom_lint/src/workspace.dart:515)
<asynchronous suspension>
#6      SocketCustomLintServerToClientChannel.create (package:custom_lint/src/v2/server_to_client_channel.dart:54)
<asynchronous suspension>
#7      CustomLintServer._maybeSpawnCustomLintPlugin (package:custom_lint/src/v2/custom_lint_analyzer_plugin.dart:362)
<asynchronous suspension>
#8      CustomLintServer._handleAnalysisSetContextRoots.<anonymous closure> (package:custom_lint/src/v2/custom_lint_analyzer_plugin.dart:343)
<asynchronous suspension>
#9      PendingOperation.run (package:custom_lint/src/async_operation.dart:22)
<asynchronous suspension>
#10     CustomLintServer._handleRequest (package:custom_lint/src/v2/custom_lint_analyzer_plugin.dart:175)
<asynchronous suspension>

The request analysis.setPriorityFiles failed with the following error:
RequestErrorCode.PLUGIN_ERROR
The plugin flutter_boost was not found in the package config at /Users/cudzik/Documents/add2app-framework/add2app-framework-poc/signal_module. Make sure to run `pub get` first.
at:
#0      CustomLintProject.parse.<anonymous closure> (package:custom_lint/src/workspace.dart:948)
#1      MappedIterator.moveNext (dart:_internal/iterable.dart:420)
#2      Future.wait (dart:async/future.dart:544)
#3      CustomLintProject.parse (package:custom_lint/src/workspace.dart:940)
<asynchronous suspension>
#4      Future.wait.<anonymous closure> (dart:async/future.dart:546)
<asynchronous suspension>
#5      CustomLintWorkspace.fromContextRoots (package:custom_lint/src/workspace.dart:515)
<asynchronous suspension>
#6      SocketCustomLintServerToClientChannel.create (package:custom_lint/src/v2/server_to_client_channel.dart:54)
<asynchronous suspension>
#7      CustomLintServer._maybeSpawnCustomLintPlugin (package:custom_lint/src/v2/custom_lint_analyzer_plugin.dart:362)
<asynchronous suspension>
#8      CustomLintServer._handleAnalysisSetContextRoots.<anonymous closure> (package:custom_lint/src/v2/custom_lint_analyzer_plugin.dart:343)
<asynchronous suspension>
#9      PendingOperation.run (package:custom_lint/src/async_operation.dart:22)
<asynchronous suspension>
#10     CustomLintServer._handleRequest (package:custom_lint/src/v2/custom_lint_analyzer_plugin.dart:175)
<asynchronous suspension>

The request analysis.setSubscriptions failed with the following error:
RequestErrorCode.PLUGIN_ERROR
The plugin flutter_boost was not found in the package config at /Users/cudzik/Documents/add2app-framework/add2app-framework-poc/signal_module. Make sure to run `pub get` first.
at:
#0      CustomLintProject.parse.<anonymous closure> (package:custom_lint/src/workspace.dart:948)
#1      MappedIterator.moveNext (dart:_internal/iterable.dart:420)
#2      Future.wait (dart:async/future.dart:544)
#3      CustomLintProject.parse (package:custom_lint/src/workspace.dart:940)
<asynchronous suspension>
#4      Future.wait.<anonymous closure> (dart:async/future.dart:546)
<asynchronous suspension>
#5      CustomLintWorkspace.fromContextRoots (package:custom_lint/src/workspace.dart:515)
<asynchronous suspension>
#6      SocketCustomLintServerToClientChannel.create (package:custom_lint/src/v2/server_to_client_channel.dart:54)
<asynchronous suspension>
#7      CustomLintServer._maybeSpawnCustomLintPlugin (package:custom_lint/src/v2/custom_lint_analyzer_plugin.dart:362)
<asynchronous suspension>
#8      CustomLintServer._handleAnalysisSetContextRoots.<anonymous closure> (package:custom_lint/src/v2/custom_lint_analyzer_plugin.dart:343)
<asynchronous suspension>
#9      PendingOperation.run (package:custom_lint/src/async_operation.dart:22)
<asynchronous suspension>
#10     CustomLintServer._handleRequest (package:custom_lint/src/v2/custom_lint_analyzer_plugin.dart:175)
<asynchronous suspension>

The request analysis.setContextRoots failed with the following error:
RequestErrorCode.PLUGIN_ERROR
The plugin flutter_boost was not found in the package config at /Users/cudzik/Documents/add2app-framework/add2app-framework-poc/signal_module. Make sure to run `pub get` first.
at:
#0      CustomLintProject.parse.<anonymous closure> (package:custom_lint/src/workspace.dart:948)
#1      MappedIterator.moveNext (dart:_internal/iterable.dart:420)
#2      Future.wait (dart:async/future.dart:544)
#3      CustomLintProject.parse (package:custom_lint/src/workspace.dart:940)
<asynchronous suspension>
#4      Future.wait.<anonymous closure> (dart:async/future.dart:546)
<asynchronous suspension>
#5      CustomLintWorkspace.fromContextRoots (package:custom_lint/src/workspace.dart:515)
<asynchronous suspension>
#6      SocketCustomLintServerToClientChannel.create (package:custom_lint/src/v2/server_to_client_channel.dart:54)
<asynchronous suspension>
#7      CustomLintServer._maybeSpawnCustomLintPlugin (package:custom_lint/src/v2/custom_lint_analyzer_plugin.dart:362)
<asynchronous suspension>
#8      CustomLintServer._handleAnalysisSetContextRoots.<anonymous closure> (package:custom_lint/src/v2/custom_lint_analyzer_plugin.dart:343)
<asynchronous suspension>
#9      PendingOperation.run (package:custom_lint/src/async_operation.dart:22)
<asynchronous suspension>
#10     CustomLintServer._handleRequest (package:custom_lint/src/v2/custom_lint_analyzer_plugin.dart:175)
<asynchronous suspension>

The request analysis.setSubscriptions failed with the following error:
RequestErrorCode.PLUGIN_ERROR
The plugin flutter_boost was not found in the package config at /Users/cudzik/Documents/add2app-framework/add2app-framework-poc/signal_module. Make sure to run `pub get` first.
at:
#0      CustomLintProject.parse.<anonymous closure> (package:custom_lint/src/workspace.dart:948)
#1      MappedIterator.moveNext (dart:_internal/iterable.dart:420)
#2      Future.wait (dart:async/future.dart:544)
#3      CustomLintProject.parse (package:custom_lint/src/workspace.dart:940)
<asynchronous suspension>
#4      Future.wait.<anonymous closure> (dart:async/future.dart:546)
<asynchronous suspension>
#5      CustomLintWorkspace.fromContextRoots (package:custom_lint/src/workspace.dart:515)
<asynchronous suspension>
#6      SocketCustomLintServerToClientChannel.create (package:custom_lint/src/v2/server_to_client_channel.dart:54)
<asynchronous suspension>
#7      CustomLintServer._maybeSpawnCustomLintPlugin (package:custom_lint/src/v2/custom_lint_analyzer_plugin.dart:362)
<asynchronous suspension>
#8      CustomLintServer._handleAnalysisSetContextRoots.<anonymous closure> (package:custom_lint/src/v2/custom_lint_analyzer_plugin.dart:343)
<asynchronous suspension>
#9      PendingOperation.run (package:custom_lint/src/async_operation.dart:22)
<asynchronous suspension>
#10     CustomLintServer._handleRequest (package:custom_lint/src/v2/custom_lint_analyzer_plugin.dart:175)
<asynchronous suspension>

The request analysis.updateContent failed with the following error:
RequestErrorCode.PLUGIN_ERROR
The plugin flutter_boost was not found in the package config at /Users/cudzik/Documents/add2app-framework/add2app-framework-poc/signal_module. Make sure to run `pub get` first.
at:
#0      CustomLintProject.parse.<anonymous closure> (package:custom_lint/src/workspace.dart:948)
#1      MappedIterator.moveNext (dart:_internal/iterable.dart:420)
#2      Future.wait (dart:async/future.dart:544)
#3      CustomLintProject.parse (package:custom_lint/src/workspace.dart:940)
<asynchronous suspension>
#4      Future.wait.<anonymous closure> (dart:async/future.dart:546)
<asynchronous suspension>
#5      CustomLintWorkspace.fromContextRoots (package:custom_lint/src/workspace.dart:515)
<asynchronous suspension>
#6      SocketCustomLintServerToClientChannel.create (package:custom_lint/src/v2/server_to_client_channel.dart:54)
<asynchronous suspension>
#7      CustomLintServer._maybeSpawnCustomLintPlugin (package:custom_lint/src/v2/custom_lint_analyzer_plugin.dart:362)
<asynchronous suspension>
#8      CustomLintServer._handleAnalysisSetContextRoots.<anonymous closure> (package:custom_lint/src/v2/custom_lint_analyzer_plugin.dart:343)
<asynchronous suspension>
#9      PendingOperation.run (package:custom_lint/src/async_operation.dart:22)
<asynchronous suspension>
#10     CustomLintServer._handleRequest (package:custom_lint/src/v2/custom_lint_analyzer_plugin.dart:175)
<asynchronous suspension>

The request analysis.setPriorityFiles failed with the following error:
RequestErrorCode.PLUGIN_ERROR
The plugin flutter_boost was not found in the package config at /Users/cudzik/Documents/add2app-framework/add2app-framework-poc/signal_module. Make sure to run `pub get` first.
at:
#0      CustomLintProject.parse.<anonymous closure> (package:custom_lint/src/workspace.dart:948)
#1      MappedIterator.moveNext (dart:_internal/iterable.dart:420)
#2      Future.wait (dart:async/future.dart:544)
#3      CustomLintProject.parse (package:custom_lint/src/workspace.dart:940)
<asynchronous suspension>
#4      Future.wait.<anonymous closure> (dart:async/future.dart:546)
<asynchronous suspension>
#5      CustomLintWorkspace.fromContextRoots (package:custom_lint/src/workspace.dart:515)
<asynchronous suspension>
#6      SocketCustomLintServerToClientChannel.create (package:custom_lint/src/v2/server_to_client_channel.dart:54)
<asynchronous suspension>
#7      CustomLintServer._maybeSpawnCustomLintPlugin (package:custom_lint/src/v2/custom_lint_analyzer_plugin.dart:362)
<asynchronous suspension>
#8      CustomLintServer._handleAnalysisSetContextRoots.<anonymous closure> (package:custom_lint/src/v2/custom_lint_analyzer_plugin.dart:343)
<asynchronous suspension>
#9      PendingOperation.run (package:custom_lint/src/async_operation.dart:22)
<asynchronous suspension>
#10     CustomLintServer._handleRequest (package:custom_lint/src/v2/custom_lint_analyzer_plugin.dart:175)
<asynchronous suspension>

The request analysis.updateContent failed with the following error:
RequestErrorCode.PLUGIN_ERROR
The plugin flutter_boost was not found in the package config at /Users/cudzik/Documents/add2app-framework/add2app-framework-poc/signal_module. Make sure to run `pub get` first.
at:
#0      CustomLintProject.parse.<anonymous closure> (package:custom_lint/src/workspace.dart:948)
#1      MappedIterator.moveNext (dart:_internal/iterable.dart:420)
#2      Future.wait (dart:async/future.dart:544)
#3      CustomLintProject.parse (package:custom_lint/src/workspace.dart:940)
<asynchronous suspension>
#4      Future.wait.<anonymous closure> (dart:async/future.dart:546)
<asynchronous suspension>
#5      CustomLintWorkspace.fromContextRoots (package:custom_lint/src/workspace.dart:515)
<asynchronous suspension>
#6      SocketCustomLintServerToClientChannel.create (package:custom_lint/src/v2/server_to_client_channel.dart:54)
<asynchronous suspension>
#7      CustomLintServer._maybeSpawnCustomLintPlugin (package:custom_lint/src/v2/custom_lint_analyzer_plugin.dart:362)
<asynchronous suspension>
#8      CustomLintServer._handleAnalysisSetContextRoots.<anonymous closure> (package:custom_lint/src/v2/custom_lint_analyzer_plugin.dart:343)
<asynchronous suspension>
#9      PendingOperation.run (package:custom_lint/src/async_operation.dart:22)
<asynchronous suspension>
#10     CustomLintServer._handleRequest (package:custom_lint/src/v2/custom_lint_analyzer_plugin.dart:175)
<asynchronous suspension>

The request analysis.setPriorityFiles failed with the following error:
RequestErrorCode.PLUGIN_ERROR
The plugin flutter_boost was not found in the package config at /Users/cudzik/Documents/add2app-framework/add2app-framework-poc/signal_module. Make sure to run `pub get` first.
at:
#0      CustomLintProject.parse.<anonymous closure> (package:custom_lint/src/workspace.dart:948)
#1      MappedIterator.moveNext (dart:_internal/iterable.dart:420)
#2      Future.wait (dart:async/future.dart:544)
#3      CustomLintProject.parse (package:custom_lint/src/workspace.dart:940)
<asynchronous suspension>
#4      Future.wait.<anonymous closure> (dart:async/future.dart:546)
<asynchronous suspension>
#5      CustomLintWorkspace.fromContextRoots (package:custom_lint/src/workspace.dart:515)
<asynchronous suspension>
#6      SocketCustomLintServerToClientChannel.create (package:custom_lint/src/v2/server_to_client_channel.dart:54)
<asynchronous suspension>
#7      CustomLintServer._maybeSpawnCustomLintPlugin (package:custom_lint/src/v2/custom_lint_analyzer_plugin.dart:362)
<asynchronous suspension>
#8      CustomLintServer._handleAnalysisSetContextRoots.<anonymous closure> (package:custom_lint/src/v2/custom_lint_analyzer_plugin.dart:343)
<asynchronous suspension>
#9      PendingOperation.run (package:custom_lint/src/async_operation.dart:22)
<asynchronous suspension>
#10     CustomLintServer._handleRequest (package:custom_lint/src/v2/custom_lint_analyzer_plugin.dart:175)
<asynchronous suspension>

The request analysis.setSubscriptions failed with the following error:
RequestErrorCode.PLUGIN_ERROR
The plugin flutter_boost was not found in the package config at /Users/cudzik/Documents/add2app-framework/add2app-framework-poc/signal_module. Make sure to run `pub get` first.
at:
#0      CustomLintProject.parse.<anonymous closure> (package:custom_lint/src/workspace.dart:948)
#1      MappedIterator.moveNext (dart:_internal/iterable.dart:420)
#2      Future.wait (dart:async/future.dart:544)
#3      CustomLintProject.parse (package:custom_lint/src/workspace.dart:940)
<asynchronous suspension>
#4      Future.wait.<anonymous closure> (dart:async/future.dart:546)
<asynchronous suspension>
#5      CustomLintWorkspace.fromContextRoots (package:custom_lint/src/workspace.dart:515)
<asynchronous suspension>
#6      SocketCustomLintServerToClientChannel.create (package:custom_lint/src/v2/server_to_client_channel.dart:54)
<asynchronous suspension>
#7      CustomLintServer._maybeSpawnCustomLintPlugin (package:custom_lint/src/v2/custom_lint_analyzer_plugin.dart:362)
<asynchronous suspension>
#8      CustomLintServer._handleAnalysisSetContextRoots.<anonymous closure> (package:custom_lint/src/v2/custom_lint_analyzer_plugin.dart:343)
<asynchronous suspension>
#9      PendingOperation.run (package:custom_lint/src/async_operation.dart:22)
<asynchronous suspension>
#10     CustomLintServer._handleRequest (package:custom_lint/src/v2/custom_lint_analyzer_plugin.dart:175)
<asynchronous suspension>

The request analysis.updateContent failed with the following error:
RequestErrorCode.PLUGIN_ERROR
The plugin flutter_boost was not found in the package config at /Users/cudzik/Documents/add2app-framework/add2app-framework-poc/signal_module. Make sure to run `pub get` first.
at:
#0      CustomLintProject.parse.<anonymous closure> (package:custom_lint/src/workspace.dart:948)
#1      MappedIterator.moveNext (dart:_internal/iterable.dart:420)
#2      Future.wait (dart:async/future.dart:544)
#3      CustomLintProject.parse (package:custom_lint/src/workspace.dart:940)
<asynchronous suspension>
#4      Future.wait.<anonymous closure> (dart:async/future.dart:546)
<asynchronous suspension>
#5      CustomLintWorkspace.fromContextRoots (package:custom_lint/src/workspace.dart:515)
<asynchronous suspension>
#6      SocketCustomLintServerToClientChannel.create (package:custom_lint/src/v2/server_to_client_channel.dart:54)
<asynchronous suspension>
#7      CustomLintServer._maybeSpawnCustomLintPlugin (package:custom_lint/src/v2/custom_lint_analyzer_plugin.dart:362)
<asynchronous suspension>
#8      CustomLintServer._handleAnalysisSetContextRoots.<anonymous closure> (package:custom_lint/src/v2/custom_lint_analyzer_plugin.dart:343)
<asynchronous suspension>
#9      PendingOperation.run (package:custom_lint/src/async_operation.dart:22)
<asynchronous suspension>
#10     CustomLintServer._handleRequest (package:custom_lint/src/v2/custom_lint_analyzer_plugin.dart:175)
<asynchronous suspension>

The request analysis.setPriorityFiles failed with the following error:
RequestErrorCode.PLUGIN_ERROR
The plugin flutter_boost was not found in the package config at /Users/cudzik/Documents/add2app-framework/add2app-framework-poc/signal_module. Make sure to run `pub get` first.
at:
#0      CustomLintProject.parse.<anonymous closure> (package:custom_lint/src/workspace.dart:948)
#1      MappedIterator.moveNext (dart:_internal/iterable.dart:420)
#2      Future.wait (dart:async/future.dart:544)
#3      CustomLintProject.parse (package:custom_lint/src/workspace.dart:940)
<asynchronous suspension>
#4      Future.wait.<anonymous closure> (dart:async/future.dart:546)
<asynchronous suspension>
#5      CustomLintWorkspace.fromContextRoots (package:custom_lint/src/workspace.dart:515)
<asynchronous suspension>
#6      SocketCustomLintServerToClientChannel.create (package:custom_lint/src/v2/server_to_client_channel.dart:54)
<asynchronous suspension>
#7      CustomLintServer._maybeSpawnCustomLintPlugin (package:custom_lint/src/v2/custom_lint_analyzer_plugin.dart:362)
<asynchronous suspension>
#8      CustomLintServer._handleAnalysisSetContextRoots.<anonymous closure> (package:custom_lint/src/v2/custom_lint_analyzer_plugin.dart:343)
<asynchronous suspension>
#9      PendingOperation.run (package:custom_lint/src/async_operation.dart:22)
<asynchronous suspension>
#10     CustomLintServer._handleRequest (package:custom_lint/src/v2/custom_lint_analyzer_plugin.dart:175)
<asynchronous suspension>

The request analysis.setSubscriptions failed with the following error:
RequestErrorCode.PLUGIN_ERROR
The plugin flutter_boost was not found in the package config at /Users/cudzik/Documents/add2app-framework/add2app-framework-poc/signal_module. Make sure to run `pub get` first.
at:
#0      CustomLintProject.parse.<anonymous closure> (package:custom_lint/src/workspace.dart:948)
#1      MappedIterator.moveNext (dart:_internal/iterable.dart:420)
#2      Future.wait (dart:async/future.dart:544)
#3      CustomLintProject.parse (package:custom_lint/src/workspace.dart:940)
<asynchronous suspension>
#4      Future.wait.<anonymous closure> (dart:async/future.dart:546)
<asynchronous suspension>
#5      CustomLintWorkspace.fromContextRoots (package:custom_lint/src/workspace.dart:515)
<asynchronous suspension>
#6      SocketCustomLintServerToClientChannel.create (package:custom_lint/src/v2/server_to_client_channel.dart:54)
<asynchronous suspension>
#7      CustomLintServer._maybeSpawnCustomLintPlugin (package:custom_lint/src/v2/custom_lint_analyzer_plugin.dart:362)
<asynchronous suspension>
#8      CustomLintServer._handleAnalysisSetContextRoots.<anonymous closure> (package:custom_lint/src/v2/custom_lint_analyzer_plugin.dart:343)
<asynchronous suspension>
#9      PendingOperation.run (package:custom_lint/src/async_operation.dart:22)
<asynchronous suspension>
#10     CustomLintServer._handleRequest (package:custom_lint/src/v2/custom_lint_analyzer_plugin.dart:175)
<asynchronous suspension>

The request analysis.updateContent failed with the following error:
RequestErrorCode.PLUGIN_ERROR
The plugin flutter_boost was not found in the package config at /Users/cudzik/Documents/add2app-framework/add2app-framework-poc/signal_module. Make sure to run `pub get` first.
at:
#0      CustomLintProject.parse.<anonymous closure> (package:custom_lint/src/workspace.dart:948)
#1      MappedIterator.moveNext (dart:_internal/iterable.dart:420)
#2      Future.wait (dart:async/future.dart:544)
#3      CustomLintProject.parse (package:custom_lint/src/workspace.dart:940)
<asynchronous suspension>
#4      Future.wait.<anonymous closure> (dart:async/future.dart:546)
<asynchronous suspension>
#5      CustomLintWorkspace.fromContextRoots (package:custom_lint/src/workspace.dart:515)
<asynchronous suspension>
#6      SocketCustomLintServerToClientChannel.create (package:custom_lint/src/v2/server_to_client_channel.dart:54)
<asynchronous suspension>
#7      CustomLintServer._maybeSpawnCustomLintPlugin (package:custom_lint/src/v2/custom_lint_analyzer_plugin.dart:362)
<asynchronous suspension>
#8      CustomLintServer._handleAnalysisSetContextRoots.<anonymous closure> (package:custom_lint/src/v2/custom_lint_analyzer_plugin.dart:343)
<asynchronous suspension>
#9      PendingOperation.run (package:custom_lint/src/async_operation.dart:22)
<asynchronous suspension>
#10     CustomLintServer._handleRequest (package:custom_lint/src/v2/custom_lint_analyzer_plugin.dart:175)
<asynchronous suspension>

The request analysis.setPriorityFiles failed with the following error:
RequestErrorCode.PLUGIN_ERROR
The plugin flutter_boost was not found in the package config at /Users/cudzik/Documents/add2app-framework/add2app-framework-poc/signal_module. Make sure to run `pub get` first.
at:
#0      CustomLintProject.parse.<anonymous closure> (package:custom_lint/src/workspace.dart:948)
#1      MappedIterator.moveNext (dart:_internal/iterable.dart:420)
#2      Future.wait (dart:async/future.dart:544)
#3      CustomLintProject.parse (package:custom_lint/src/workspace.dart:940)
<asynchronous suspension>
#4      Future.wait.<anonymous closure> (dart:async/future.dart:546)
<asynchronous suspension>
#5      CustomLintWorkspace.fromContextRoots (package:custom_lint/src/workspace.dart:515)
<asynchronous suspension>
#6      SocketCustomLintServerToClientChannel.create (package:custom_lint/src/v2/server_to_client_channel.dart:54)
<asynchronous suspension>
#7      CustomLintServer._maybeSpawnCustomLintPlugin (package:custom_lint/src/v2/custom_lint_analyzer_plugin.dart:362)
<asynchronous suspension>
#8      CustomLintServer._handleAnalysisSetContextRoots.<anonymous closure> (package:custom_lint/src/v2/custom_lint_analyzer_plugin.dart:343)
<asynchronous suspension>
#9      PendingOperation.run (package:custom_lint/src/async_operation.dart:22)
<asynchronous suspension>
#10     CustomLintServer._handleRequest (package:custom_lint/src/v2/custom_lint_analyzer_plugin.dart:175)
<asynchronous suspension>

The request analysis.setSubscriptions failed with the following error:
RequestErrorCode.PLUGIN_ERROR
The plugin flutter_boost was not found in the package config at /Users/cudzik/Documents/add2app-framework/add2app-framework-poc/signal_module. Make sure to run `pub get` first.
at:
#0      CustomLintProject.parse.<anonymous closure> (package:custom_lint/src/workspace.dart:948)
#1      MappedIterator.moveNext (dart:_internal/iterable.dart:420)
#2      Future.wait (dart:async/future.dart:544)
#3      CustomLintProject.parse (package:custom_lint/src/workspace.dart:940)
<asynchronous suspension>
#4      Future.wait.<anonymous closure> (dart:async/future.dart:546)
<asynchronous suspension>
#5      CustomLintWorkspace.fromContextRoots (package:custom_lint/src/workspace.dart:515)
<asynchronous suspension>
#6      SocketCustomLintServerToClientChannel.create (package:custom_lint/src/v2/server_to_client_channel.dart:54)
<asynchronous suspension>
#7      CustomLintServer._maybeSpawnCustomLintPlugin (package:custom_lint/src/v2/custom_lint_analyzer_plugin.dart:362)
<asynchronous suspension>
#8      CustomLintServer._handleAnalysisSetContextRoots.<anonymous closure> (package:custom_lint/src/v2/custom_lint_analyzer_plugin.dart:343)
<asynchronous suspension>
#9      PendingOperation.run (package:custom_lint/src/async_operation.dart:22)
<asynchronous suspension>
#10     CustomLintServer._handleRequest (package:custom_lint/src/v2/custom_lint_analyzer_plugin.dart:175)
<asynchronous suspension>

The request analysis.updateContent failed with the following error:
RequestErrorCode.PLUGIN_ERROR
The plugin flutter_boost was not found in the package config at /Users/cudzik/Documents/add2app-framework/add2app-framework-poc/signal_module. Make sure to run `pub get` first.
at:
#0      CustomLintProject.parse.<anonymous closure> (package:custom_lint/src/workspace.dart:948)
#1      MappedIterator.moveNext (dart:_internal/iterable.dart:420)
#2      Future.wait (dart:async/future.dart:544)
#3      CustomLintProject.parse (package:custom_lint/src/workspace.dart:940)
<asynchronous suspension>
#4      Future.wait.<anonymous closure> (dart:async/future.dart:546)
<asynchronous suspension>
#5      CustomLintWorkspace.fromContextRoots (package:custom_lint/src/workspace.dart:515)
<asynchronous suspension>
#6      SocketCustomLintServerToClientChannel.create (package:custom_lint/src/v2/server_to_client_channel.dart:54)
<asynchronous suspension>
#7      CustomLintServer._maybeSpawnCustomLintPlugin (package:custom_lint/src/v2/custom_lint_analyzer_plugin.dart:362)
<asynchronous suspension>
#8      CustomLintServer._handleAnalysisSetContextRoots.<anonymous closure> (package:custom_lint/src/v2/custom_lint_analyzer_plugin.dart:343)
<asynchronous suspension>
#9      PendingOperation.run (package:custom_lint/src/async_operation.dart:22)
<asynchronous suspension>
#10     CustomLintServer._handleRequest (package:custom_lint/src/v2/custom_lint_analyzer_plugin.dart:175)
<asynchronous suspension>

The request analysis.setPriorityFiles failed with the following error:
RequestErrorCode.PLUGIN_ERROR
The plugin flutter_boost was not found in the package config at /Users/cudzik/Documents/add2app-framework/add2app-framework-poc/signal_module. Make sure to run `pub get` first.
at:
#0      CustomLintProject.parse.<anonymous closure> (package:custom_lint/src/workspace.dart:948)
#1      MappedIterator.moveNext (dart:_internal/iterable.dart:420)
#2      Future.wait (dart:async/future.dart:544)
#3      CustomLintProject.parse (package:custom_lint/src/workspace.dart:940)
<asynchronous suspension>
#4      Future.wait.<anonymous closure> (dart:async/future.dart:546)
<asynchronous suspension>
#5      CustomLintWorkspace.fromContextRoots (package:custom_lint/src/workspace.dart:515)
<asynchronous suspension>
#6      SocketCustomLintServerToClientChannel.create (package:custom_lint/src/v2/server_to_client_channel.dart:54)
<asynchronous suspension>
#7      CustomLintServer._maybeSpawnCustomLintPlugin (package:custom_lint/src/v2/custom_lint_analyzer_plugin.dart:362)
<asynchronous suspension>
#8      CustomLintServer._handleAnalysisSetContextRoots.<anonymous closure> (package:custom_lint/src/v2/custom_lint_analyzer_plugin.dart:343)
<asynchronous suspension>
#9      PendingOperation.run (package:custom_lint/src/async_operation.dart:22)
<asynchronous suspension>
#10     CustomLintServer._handleRequest (package:custom_lint/src/v2/custom_lint_analyzer_plugin.dart:175)
<asynchronous suspension>

The request analysis.setSubscriptions failed with the following error:
RequestErrorCode.PLUGIN_ERROR
The plugin flutter_boost was not found in the package config at /Users/cudzik/Documents/add2app-framework/add2app-framework-poc/signal_module. Make sure to run `pub get` first.
at:
#0      CustomLintProject.parse.<anonymous closure> (package:custom_lint/src/workspace.dart:948)
#1      MappedIterator.moveNext (dart:_internal/iterable.dart:420)
#2      Future.wait (dart:async/future.dart:544)
#3      CustomLintProject.parse (package:custom_lint/src/workspace.dart:940)
<asynchronous suspension>
#4      Future.wait.<anonymous closure> (dart:async/future.dart:546)
<asynchronous suspension>
#5      CustomLintWorkspace.fromContextRoots (package:custom_lint/src/workspace.dart:515)
<asynchronous suspension>
#6      SocketCustomLintServerToClientChannel.create (package:custom_lint/src/v2/server_to_client_channel.dart:54)
<asynchronous suspension>
#7      CustomLintServer._maybeSpawnCustomLintPlugin (package:custom_lint/src/v2/custom_lint_analyzer_plugin.dart:362)
<asynchronous suspension>
#8      CustomLintServer._handleAnalysisSetContextRoots.<anonymous closure> (package:custom_lint/src/v2/custom_lint_analyzer_plugin.dart:343)
<asynchronous suspension>
#9      PendingOperation.run (package:custom_lint/src/async_operation.dart:22)
<asynchronous suspension>
#10     CustomLintServer._handleRequest (package:custom_lint/src/v2/custom_lint_analyzer_plugin.dart:175)
<asynchronous suspension>

The request analysis.updateContent failed with the following error:
RequestErrorCode.PLUGIN_ERROR
The plugin flutter_boost was not found in the package config at /Users/cudzik/Documents/add2app-framework/add2app-framework-poc/signal_module. Make sure to run `pub get` first.
at:
#0      CustomLintProject.parse.<anonymous closure> (package:custom_lint/src/workspace.dart:948)
#1      MappedIterator.moveNext (dart:_internal/iterable.dart:420)
#2      Future.wait (dart:async/future.dart:544)
#3      CustomLintProject.parse (package:custom_lint/src/workspace.dart:940)
<asynchronous suspension>
#4      Future.wait.<anonymous closure> (dart:async/future.dart:546)
<asynchronous suspension>
#5      CustomLintWorkspace.fromContextRoots (package:custom_lint/src/workspace.dart:515)
<asynchronous suspension>
#6      SocketCustomLintServerToClientChannel.create (package:custom_lint/src/v2/server_to_client_channel.dart:54)
<asynchronous suspension>
#7      CustomLintServer._maybeSpawnCustomLintPlugin (package:custom_lint/src/v2/custom_lint_analyzer_plugin.dart:362)
<asynchronous suspension>
#8      CustomLintServer._handleAnalysisSetContextRoots.<anonymous closure> (package:custom_lint/src/v2/custom_lint_analyzer_plugin.dart:343)
<asynchronous suspension>
#9      PendingOperation.run (package:custom_lint/src/async_operation.dart:22)
<asynchronous suspension>
#10     CustomLintServer._handleRequest (package:custom_lint/src/v2/custom_lint_analyzer_plugin.dart:175)
<asynchronous suspension>

The request analysis.setPriorityFiles failed with the following error:
RequestErrorCode.PLUGIN_ERROR
The plugin flutter_boost was not found in the package config at /Users/cudzik/Documents/add2app-framework/add2app-framework-poc/signal_module. Make sure to run `pub get` first.
at:
#0      CustomLintProject.parse.<anonymous closure> (package:custom_lint/src/workspace.dart:948)
#1      MappedIterator.moveNext (dart:_internal/iterable.dart:420)
#2      Future.wait (dart:async/future.dart:544)
#3      CustomLintProject.parse (package:custom_lint/src/workspace.dart:940)
<asynchronous suspension>
#4      Future.wait.<anonymous closure> (dart:async/future.dart:546)
<asynchronous suspension>
#5      CustomLintWorkspace.fromContextRoots (package:custom_lint/src/workspace.dart:515)
<asynchronous suspension>
#6      SocketCustomLintServerToClientChannel.create (package:custom_lint/src/v2/server_to_client_channel.dart:54)
<asynchronous suspension>
#7      CustomLintServer._maybeSpawnCustomLintPlugin (package:custom_lint/src/v2/custom_lint_analyzer_plugin.dart:362)
<asynchronous suspension>
#8      CustomLintServer._handleAnalysisSetContextRoots.<anonymous closure> (package:custom_lint/src/v2/custom_lint_analyzer_plugin.dart:343)
<asynchronous suspension>
#9      PendingOperation.run (package:custom_lint/src/async_operation.dart:22)
<asynchronous suspension>
#10     CustomLintServer._handleRequest (package:custom_lint/src/v2/custom_lint_analyzer_plugin.dart:175)
<asynchronous suspension>

The request analysis.setSubscriptions failed with the following error:
RequestErrorCode.PLUGIN_ERROR
The plugin flutter_boost was not found in the package config at /Users/cudzik/Documents/add2app-framework/add2app-framework-poc/signal_module. Make sure to run `pub get` first.
at:
#0      CustomLintProject.parse.<anonymous closure> (package:custom_lint/src/workspace.dart:948)
#1      MappedIterator.moveNext (dart:_internal/iterable.dart:420)
#2      Future.wait (dart:async/future.dart:544)
#3      CustomLintProject.parse (package:custom_lint/src/workspace.dart:940)
<asynchronous suspension>
#4      Future.wait.<anonymous closure> (dart:async/future.dart:546)
<asynchronous suspension>
#5      CustomLintWorkspace.fromContextRoots (package:custom_lint/src/workspace.dart:515)
<asynchronous suspension>
#6      SocketCustomLintServerToClientChannel.create (package:custom_lint/src/v2/server_to_client_channel.dart:54)
<asynchronous suspension>
#7      CustomLintServer._maybeSpawnCustomLintPlugin (package:custom_lint/src/v2/custom_lint_analyzer_plugin.dart:362)
<asynchronous suspension>
#8      CustomLintServer._handleAnalysisSetContextRoots.<anonymous closure> (package:custom_lint/src/v2/custom_lint_analyzer_plugin.dart:343)
<asynchronous suspension>
#9      PendingOperation.run (package:custom_lint/src/async_operation.dart:22)
<asynchronous suspension>
#10     CustomLintServer._handleRequest (package:custom_lint/src/v2/custom_lint_analyzer_plugin.dart:175)
<asynchronous suspension>

The request analysis.updateContent failed with the following error:
RequestErrorCode.PLUGIN_ERROR
The plugin flutter_boost was not found in the package config at /Users/cudzik/Documents/add2app-framework/add2app-framework-poc/signal_module. Make sure to run `pub get` first.
at:
#0      CustomLintProject.parse.<anonymous closure> (package:custom_lint/src/workspace.dart:948)
#1      MappedIterator.moveNext (dart:_internal/iterable.dart:420)
#2      Future.wait (dart:async/future.dart:544)
#3      CustomLintProject.parse (package:custom_lint/src/workspace.dart:940)
<asynchronous suspension>
#4      Future.wait.<anonymous closure> (dart:async/future.dart:546)
<asynchronous suspension>
#5      CustomLintWorkspace.fromContextRoots (package:custom_lint/src/workspace.dart:515)
<asynchronous suspension>
#6      SocketCustomLintServerToClientChannel.create (package:custom_lint/src/v2/server_to_client_channel.dart:54)
<asynchronous suspension>
#7      CustomLintServer._maybeSpawnCustomLintPlugin (package:custom_lint/src/v2/custom_lint_analyzer_plugin.dart:362)
<asynchronous suspension>
#8      CustomLintServer._handleAnalysisSetContextRoots.<anonymous closure> (package:custom_lint/src/v2/custom_lint_analyzer_plugin.dart:343)
<asynchronous suspension>
#9      PendingOperation.run (package:custom_lint/src/async_operation.dart:22)
<asynchronous suspension>
#10     CustomLintServer._handleRequest (package:custom_lint/src/v2/custom_lint_analyzer_plugin.dart:175)
<asynchronous suspension>

The request analysis.setPriorityFiles failed with the following error:
RequestErrorCode.PLUGIN_ERROR
The plugin flutter_boost was not found in the package config at /Users/cudzik/Documents/add2app-framework/add2app-framework-poc/signal_module. Make sure to run `pub get` first.
at:
#0      CustomLintProject.parse.<anonymous closure> (package:custom_lint/src/workspace.dart:948)
#1      MappedIterator.moveNext (dart:_internal/iterable.dart:420)
#2      Future.wait (dart:async/future.dart:544)
#3      CustomLintProject.parse (package:custom_lint/src/workspace.dart:940)
<asynchronous suspension>
#4      Future.wait.<anonymous closure> (dart:async/future.dart:546)
<asynchronous suspension>
#5      CustomLintWorkspace.fromContextRoots (package:custom_lint/src/workspace.dart:515)
<asynchronous suspension>
#6      SocketCustomLintServerToClientChannel.create (package:custom_lint/src/v2/server_to_client_channel.dart:54)
<asynchronous suspension>
#7      CustomLintServer._maybeSpawnCustomLintPlugin (package:custom_lint/src/v2/custom_lint_analyzer_plugin.dart:362)
<asynchronous suspension>
#8      CustomLintServer._handleAnalysisSetContextRoots.<anonymous closure> (package:custom_lint/src/v2/custom_lint_analyzer_plugin.dart:343)
<asynchronous suspension>
#9      PendingOperation.run (package:custom_lint/src/async_operation.dart:22)
<asynchronous suspension>
#10     CustomLintServer._handleRequest (package:custom_lint/src/v2/custom_lint_analyzer_plugin.dart:175)
<asynchronous suspension>

The request analysis.setSubscriptions failed with the following error:
RequestErrorCode.PLUGIN_ERROR
The plugin flutter_boost was not found in the package config at /Users/cudzik/Documents/add2app-framework/add2app-framework-poc/signal_module. Make sure to run `pub get` first.
at:
#0      CustomLintProject.parse.<anonymous closure> (package:custom_lint/src/workspace.dart:948)
#1      MappedIterator.moveNext (dart:_internal/iterable.dart:420)
#2      Future.wait (dart:async/future.dart:544)
#3      CustomLintProject.parse (package:custom_lint/src/workspace.dart:940)
<asynchronous suspension>
#4      Future.wait.<anonymous closure> (dart:async/future.dart:546)
<asynchronous suspension>
#5      CustomLintWorkspace.fromContextRoots (package:custom_lint/src/workspace.dart:515)
<asynchronous suspension>
#6      SocketCustomLintServerToClientChannel.create (package:custom_lint/src/v2/server_to_client_channel.dart:54)
<asynchronous suspension>
#7      CustomLintServer._maybeSpawnCustomLintPlugin (package:custom_lint/src/v2/custom_lint_analyzer_plugin.dart:362)
<asynchronous suspension>
#8      CustomLintServer._handleAnalysisSetContextRoots.<anonymous closure> (package:custom_lint/src/v2/custom_lint_analyzer_plugin.dart:343)
<asynchronous suspension>
#9      PendingOperation.run (package:custom_lint/src/async_operation.dart:22)
<asynchronous suspension>
#10     CustomLintServer._handleRequest (package:custom_lint/src/v2/custom_lint_analyzer_plugin.dart:175)
<asynchronous suspension>

The request analysis.setContextRoots failed with the following error:
RequestErrorCode.PLUGIN_ERROR
The plugin flutter_boost was not found in the package config at /Users/cudzik/Documents/add2app-framework/add2app-framework-poc/signal_module. Make sure to run `pub get` first.
at:
#0      CustomLintProject.parse.<anonymous closure> (package:custom_lint/src/workspace.dart:948)
#1      MappedIterator.moveNext (dart:_internal/iterable.dart:420)
#2      Future.wait (dart:async/future.dart:544)
#3      CustomLintProject.parse (package:custom_lint/src/workspace.dart:940)
<asynchronous suspension>
#4      Future.wait.<anonymous closure> (dart:async/future.dart:546)
<asynchronous suspension>
#5      CustomLintWorkspace.fromContextRoots (package:custom_lint/src/workspace.dart:515)
<asynchronous suspension>
#6      SocketCustomLintServerToClientChannel.create (package:custom_lint/src/v2/server_to_client_channel.dart:54)
<asynchronous suspension>
#7      CustomLintServer._maybeSpawnCustomLintPlugin (package:custom_lint/src/v2/custom_lint_analyzer_plugin.dart:362)
<asynchronous suspension>
#8      CustomLintServer._handleAnalysisSetContextRoots.<anonymous closure> (package:custom_lint/src/v2/custom_lint_analyzer_plugin.dart:343)
<asynchronous suspension>
#9      PendingOperation.run (package:custom_lint/src/async_operation.dart:22)
<asynchronous suspension>
#10     CustomLintServer._handleRequest (package:custom_lint/src/v2/custom_lint_analyzer_plugin.dart:175)
<asynchronous suspension>

The request analysis.setSubscriptions failed with the following error:
RequestErrorCode.PLUGIN_ERROR
The plugin flutter_boost was not found in the package config at /Users/cudzik/Documents/add2app-framework/add2app-framework-poc/signal_module. Make sure to run `pub get` first.
at:
#0      CustomLintProject.parse.<anonymous closure> (package:custom_lint/src/workspace.dart:948)
#1      MappedIterator.moveNext (dart:_internal/iterable.dart:420)
#2      Future.wait (dart:async/future.dart:544)
#3      CustomLintProject.parse (package:custom_lint/src/workspace.dart:940)
<asynchronous suspension>
#4      Future.wait.<anonymous closure> (dart:async/future.dart:546)
<asynchronous suspension>
#5      CustomLintWorkspace.fromContextRoots (package:custom_lint/src/workspace.dart:515)
<asynchronous suspension>
#6      SocketCustomLintServerToClientChannel.create (package:custom_lint/src/v2/server_to_client_channel.dart:54)
<asynchronous suspension>
#7      CustomLintServer._maybeSpawnCustomLintPlugin (package:custom_lint/src/v2/custom_lint_analyzer_plugin.dart:362)
<asynchronous suspension>
#8      CustomLintServer._handleAnalysisSetContextRoots.<anonymous closure> (package:custom_lint/src/v2/custom_lint_analyzer_plugin.dart:343)
<asynchronous suspension>
#9      PendingOperation.run (package:custom_lint/src/async_operation.dart:22)
<asynchronous suspension>
#10     CustomLintServer._handleRequest (package:custom_lint/src/v2/custom_lint_analyzer_plugin.dart:175)
<asynchronous suspension>

The request analysis.updateContent failed with the following error:
RequestErrorCode.PLUGIN_ERROR
The plugin flutter_boost was not found in the package config at /Users/cudzik/Documents/add2app-framework/add2app-framework-poc/signal_module. Make sure to run `pub get` first.
at:
#0      CustomLintProject.parse.<anonymous closure> (package:custom_lint/src/workspace.dart:948)
#1      MappedIterator.moveNext (dart:_internal/iterable.dart:420)
#2      Future.wait (dart:async/future.dart:544)
#3      CustomLintProject.parse (package:custom_lint/src/workspace.dart:940)
<asynchronous suspension>
#4      Future.wait.<anonymous closure> (dart:async/future.dart:546)
<asynchronous suspension>
#5      CustomLintWorkspace.fromContextRoots (package:custom_lint/src/workspace.dart:515)
<asynchronous suspension>
#6      SocketCustomLintServerToClientChannel.create (package:custom_lint/src/v2/server_to_client_channel.dart:54)
<asynchronous suspension>
#7      CustomLintServer._maybeSpawnCustomLintPlugin (package:custom_lint/src/v2/custom_lint_analyzer_plugin.dart:362)
<asynchronous suspension>
#8      CustomLintServer._handleAnalysisSetContextRoots.<anonymous closure> (package:custom_lint/src/v2/custom_lint_analyzer_plugin.dart:343)
<asynchronous suspension>
#9      PendingOperation.run (package:custom_lint/src/async_operation.dart:22)
<asynchronous suspension>
#10     CustomLintServer._handleRequest (package:custom_lint/src/v2/custom_lint_analyzer_plugin.dart:175)
<asynchronous suspension>

The request analysis.setPriorityFiles failed with the following error:
RequestErrorCode.PLUGIN_ERROR
The plugin flutter_boost was not found in the package config at /Users/cudzik/Documents/add2app-framework/add2app-framework-poc/signal_module. Make sure to run `pub get` first.
at:
#0      CustomLintProject.parse.<anonymous closure> (package:custom_lint/src/workspace.dart:948)
#1      MappedIterator.moveNext (dart:_internal/iterable.dart:420)
#2      Future.wait (dart:async/future.dart:544)
#3      CustomLintProject.parse (package:custom_lint/src/workspace.dart:940)
<asynchronous suspension>
#4      Future.wait.<anonymous closure> (dart:async/future.dart:546)
<asynchronous suspension>
#5      CustomLintWorkspace.fromContextRoots (package:custom_lint/src/workspace.dart:515)
<asynchronous suspension>
#6      SocketCustomLintServerToClientChannel.create (package:custom_lint/src/v2/server_to_client_channel.dart:54)
<asynchronous suspension>
#7      CustomLintServer._maybeSpawnCustomLintPlugin (package:custom_lint/src/v2/custom_lint_analyzer_plugin.dart:362)
<asynchronous suspension>
#8      CustomLintServer._handleAnalysisSetContextRoots.<anonymous closure> (package:custom_lint/src/v2/custom_lint_analyzer_plugin.dart:343)
<asynchronous suspension>
#9      PendingOperation.run (package:custom_lint/src/async_operation.dart:22)
<asynchronous suspension>
#10     CustomLintServer._handleRequest (package:custom_lint/src/v2/custom_lint_analyzer_plugin.dart:175)
<asynchronous suspension>

The request analysis.updateContent failed with the following error:
RequestErrorCode.PLUGIN_ERROR
The plugin flutter_boost was not found in the package config at /Users/cudzik/Documents/add2app-framework/add2app-framework-poc/signal_module. Make sure to run `pub get` first.
at:
#0      CustomLintProject.parse.<anonymous closure> (package:custom_lint/src/workspace.dart:948)
#1      MappedIterator.moveNext (dart:_internal/iterable.dart:420)
#2      Future.wait (dart:async/future.dart:544)
#3      CustomLintProject.parse (package:custom_lint/src/workspace.dart:940)
<asynchronous suspension>
#4      Future.wait.<anonymous closure> (dart:async/future.dart:546)
<asynchronous suspension>
#5      CustomLintWorkspace.fromContextRoots (package:custom_lint/src/workspace.dart:515)
<asynchronous suspension>
#6      SocketCustomLintServerToClientChannel.create (package:custom_lint/src/v2/server_to_client_channel.dart:54)
<asynchronous suspension>
#7      CustomLintServer._maybeSpawnCustomLintPlugin (package:custom_lint/src/v2/custom_lint_analyzer_plugin.dart:362)
<asynchronous suspension>
#8      CustomLintServer._handleAnalysisSetContextRoots.<anonymous closure> (package:custom_lint/src/v2/custom_lint_analyzer_plugin.dart:343)
<asynchronous suspension>
#9      PendingOperation.run (package:custom_lint/src/async_operation.dart:22)
<asynchronous suspension>
#10     CustomLintServer._handleRequest (package:custom_lint/src/v2/custom_lint_analyzer_plugin.dart:175)
<asynchronous suspension>

The request analysis.setPriorityFiles failed with the following error:
RequestErrorCode.PLUGIN_ERROR
The plugin flutter_boost was not found in the package config at /Users/cudzik/Documents/add2app-framework/add2app-framework-poc/signal_module. Make sure to run `pub get` first.
at:
#0      CustomLintProject.parse.<anonymous closure> (package:custom_lint/src/workspace.dart:948)
#1      MappedIterator.moveNext (dart:_internal/iterable.dart:420)
#2      Future.wait (dart:async/future.dart:544)
#3      CustomLintProject.parse (package:custom_lint/src/workspace.dart:940)
<asynchronous suspension>
#4      Future.wait.<anonymous closure> (dart:async/future.dart:546)
<asynchronous suspension>
#5      CustomLintWorkspace.fromContextRoots (package:custom_lint/src/workspace.dart:515)
<asynchronous suspension>
#6      SocketCustomLintServerToClientChannel.create (package:custom_lint/src/v2/server_to_client_channel.dart:54)
<asynchronous suspension>
#7      CustomLintServer._maybeSpawnCustomLintPlugin (package:custom_lint/src/v2/custom_lint_analyzer_plugin.dart:362)
<asynchronous suspension>
#8      CustomLintServer._handleAnalysisSetContextRoots.<anonymous closure> (package:custom_lint/src/v2/custom_lint_analyzer_plugin.dart:343)
<asynchronous suspension>
#9      PendingOperation.run (package:custom_lint/src/async_operation.dart:22)
<asynchronous suspension>
#10     CustomLintServer._handleRequest (package:custom_lint/src/v2/custom_lint_analyzer_plugin.dart:175)
<asynchronous suspension>

The request analysis.setSubscriptions failed with the following error:
RequestErrorCode.PLUGIN_ERROR
The plugin flutter_boost was not found in the package config at /Users/cudzik/Documents/add2app-framework/add2app-framework-poc/signal_module. Make sure to run `pub get` first.
at:
#0      CustomLintProject.parse.<anonymous closure> (package:custom_lint/src/workspace.dart:948)
#1      MappedIterator.moveNext (dart:_internal/iterable.dart:420)
#2      Future.wait (dart:async/future.dart:544)
#3      CustomLintProject.parse (package:custom_lint/src/workspace.dart:940)
<asynchronous suspension>
#4      Future.wait.<anonymous closure> (dart:async/future.dart:546)
<asynchronous suspension>
#5      CustomLintWorkspace.fromContextRoots (package:custom_lint/src/workspace.dart:515)
<asynchronous suspension>
#6      SocketCustomLintServerToClientChannel.create (package:custom_lint/src/v2/server_to_client_channel.dart:54)
<asynchronous suspension>
#7      CustomLintServer._maybeSpawnCustomLintPlugin (package:custom_lint/src/v2/custom_lint_analyzer_plugin.dart:362)
<asynchronous suspension>
#8      CustomLintServer._handleAnalysisSetContextRoots.<anonymous closure> (package:custom_lint/src/v2/custom_lint_analyzer_plugin.dart:343)
<asynchronous suspension>
#9      PendingOperation.run (package:custom_lint/src/async_operation.dart:22)
<asynchronous suspension>
#10     CustomLintServer._handleRequest (package:custom_lint/src/v2/custom_lint_analyzer_plugin.dart:175)
<asynchronous suspension>

The request analysis.updateContent failed with the following error:
RequestErrorCode.PLUGIN_ERROR
The plugin flutter_boost was not found in the package config at /Users/cudzik/Documents/add2app-framework/add2app-framework-poc/signal_module. Make sure to run `pub get` first.
at:
#0      CustomLintProject.parse.<anonymous closure> (package:custom_lint/src/workspace.dart:948)
#1      MappedIterator.moveNext (dart:_internal/iterable.dart:420)
#2      Future.wait (dart:async/future.dart:544)
#3      CustomLintProject.parse (package:custom_lint/src/workspace.dart:940)
<asynchronous suspension>
#4      Future.wait.<anonymous closure> (dart:async/future.dart:546)
<asynchronous suspension>
#5      CustomLintWorkspace.fromContextRoots (package:custom_lint/src/workspace.dart:515)
<asynchronous suspension>
#6      SocketCustomLintServerToClientChannel.create (package:custom_lint/src/v2/server_to_client_channel.dart:54)
<asynchronous suspension>
#7      CustomLintServer._maybeSpawnCustomLintPlugin (package:custom_lint/src/v2/custom_lint_analyzer_plugin.dart:362)
<asynchronous suspension>
#8      CustomLintServer._handleAnalysisSetContextRoots.<anonymous closure> (package:custom_lint/src/v2/custom_lint_analyzer_plugin.dart:343)
<asynchronous suspension>
#9      PendingOperation.run (package:custom_lint/src/async_operation.dart:22)
<asynchronous suspension>
#10     CustomLintServer._handleRequest (package:custom_lint/src/v2/custom_lint_analyzer_plugin.dart:175)
<asynchronous suspension>

The request analysis.setPriorityFiles failed with the following error:
RequestErrorCode.PLUGIN_ERROR
The plugin flutter_boost was not found in the package config at /Users/cudzik/Documents/add2app-framework/add2app-framework-poc/signal_module. Make sure to run `pub get` first.
at:
#0      CustomLintProject.parse.<anonymous closure> (package:custom_lint/src/workspace.dart:948)
#1      MappedIterator.moveNext (dart:_internal/iterable.dart:420)
#2      Future.wait (dart:async/future.dart:544)
#3      CustomLintProject.parse (package:custom_lint/src/workspace.dart:940)
<asynchronous suspension>
#4      Future.wait.<anonymous closure> (dart:async/future.dart:546)
<asynchronous suspension>
#5      CustomLintWorkspace.fromContextRoots (package:custom_lint/src/workspace.dart:515)
<asynchronous suspension>
#6      SocketCustomLintServerToClientChannel.create (package:custom_lint/src/v2/server_to_client_channel.dart:54)
<asynchronous suspension>
#7      CustomLintServer._maybeSpawnCustomLintPlugin (package:custom_lint/src/v2/custom_lint_analyzer_plugin.dart:362)
<asynchronous suspension>
#8      CustomLintServer._handleAnalysisSetContextRoots.<anonymous closure> (package:custom_lint/src/v2/custom_lint_analyzer_plugin.dart:343)
<asynchronous suspension>
#9      PendingOperation.run (package:custom_lint/src/async_operation.dart:22)
<asynchronous suspension>
#10     CustomLintServer._handleRequest (package:custom_lint/src/v2/custom_lint_analyzer_plugin.dart:175)
<asynchronous suspension>

The request analysis.setSubscriptions failed with the following error:
RequestErrorCode.PLUGIN_ERROR
The plugin flutter_boost was not found in the package config at /Users/cudzik/Documents/add2app-framework/add2app-framework-poc/signal_module. Make sure to run `pub get` first.
at:
#0      CustomLintProject.parse.<anonymous closure> (package:custom_lint/src/workspace.dart:948)
#1      MappedIterator.moveNext (dart:_internal/iterable.dart:420)
#2      Future.wait (dart:async/future.dart:544)
#3      CustomLintProject.parse (package:custom_lint/src/workspace.dart:940)
<asynchronous suspension>
#4      Future.wait.<anonymous closure> (dart:async/future.dart:546)
<asynchronous suspension>
#5      CustomLintWorkspace.fromContextRoots (package:custom_lint/src/workspace.dart:515)
<asynchronous suspension>
#6      SocketCustomLintServerToClientChannel.create (package:custom_lint/src/v2/server_to_client_channel.dart:54)
<asynchronous suspension>
#7      CustomLintServer._maybeSpawnCustomLintPlugin (package:custom_lint/src/v2/custom_lint_analyzer_plugin.dart:362)
<asynchronous suspension>
#8      CustomLintServer._handleAnalysisSetContextRoots.<anonymous closure> (package:custom_lint/src/v2/custom_lint_analyzer_plugin.dart:343)
<asynchronous suspension>
#9      PendingOperation.run (package:custom_lint/src/async_operation.dart:22)
<asynchronous suspension>
#10     CustomLintServer._handleRequest (package:custom_lint/src/v2/custom_lint_analyzer_plugin.dart:175)
<asynchronous suspension>

The request analysis.updateContent failed with the following error:
RequestErrorCode.PLUGIN_ERROR
The plugin flutter_boost was not found in the package config at /Users/cudzik/Documents/add2app-framework/add2app-framework-poc/signal_module. Make sure to run `pub get` first.
at:
#0      CustomLintProject.parse.<anonymous closure> (package:custom_lint/src/workspace.dart:948)
#1      MappedIterator.moveNext (dart:_internal/iterable.dart:420)
#2      Future.wait (dart:async/future.dart:544)
#3      CustomLintProject.parse (package:custom_lint/src/workspace.dart:940)
<asynchronous suspension>
#4      Future.wait.<anonymous closure> (dart:async/future.dart:546)
<asynchronous suspension>
#5      CustomLintWorkspace.fromContextRoots (package:custom_lint/src/workspace.dart:515)
<asynchronous suspension>
#6      SocketCustomLintServerToClientChannel.create (package:custom_lint/src/v2/server_to_client_channel.dart:54)
<asynchronous suspension>
#7      CustomLintServer._maybeSpawnCustomLintPlugin (package:custom_lint/src/v2/custom_lint_analyzer_plugin.dart:362)
<asynchronous suspension>
#8      CustomLintServer._handleAnalysisSetContextRoots.<anonymous closure> (package:custom_lint/src/v2/custom_lint_analyzer_plugin.dart:343)
<asynchronous suspension>
#9      PendingOperation.run (package:custom_lint/src/async_operation.dart:22)
<asynchronous suspension>
#10     CustomLintServer._handleRequest (package:custom_lint/src/v2/custom_lint_analyzer_plugin.dart:175)
<asynchronous suspension>

The request analysis.setPriorityFiles failed with the following error:
RequestErrorCode.PLUGIN_ERROR
The plugin flutter_boost was not found in the package config at /Users/cudzik/Documents/add2app-framework/add2app-framework-poc/signal_module. Make sure to run `pub get` first.
at:
#0      CustomLintProject.parse.<anonymous closure> (package:custom_lint/src/workspace.dart:948)
#1      MappedIterator.moveNext (dart:_internal/iterable.dart:420)
#2      Future.wait (dart:async/future.dart:544)
#3      CustomLintProject.parse (package:custom_lint/src/workspace.dart:940)
<asynchronous suspension>
#4      Future.wait.<anonymous closure> (dart:async/future.dart:546)
<asynchronous suspension>
#5      CustomLintWorkspace.fromContextRoots (package:custom_lint/src/workspace.dart:515)
<asynchronous suspension>
#6      SocketCustomLintServerToClientChannel.create (package:custom_lint/src/v2/server_to_client_channel.dart:54)
<asynchronous suspension>
#7      CustomLintServer._maybeSpawnCustomLintPlugin (package:custom_lint/src/v2/custom_lint_analyzer_plugin.dart:362)
<asynchronous suspension>
#8      CustomLintServer._handleAnalysisSetContextRoots.<anonymous closure> (package:custom_lint/src/v2/custom_lint_analyzer_plugin.dart:343)
<asynchronous suspension>
#9      PendingOperation.run (package:custom_lint/src/async_operation.dart:22)
<asynchronous suspension>
#10     CustomLintServer._handleRequest (package:custom_lint/src/v2/custom_lint_analyzer_plugin.dart:175)
<asynchronous suspension>

The request analysis.setSubscriptions failed with the following error:
RequestErrorCode.PLUGIN_ERROR
The plugin flutter_boost was not found in the package config at /Users/cudzik/Documents/add2app-framework/add2app-framework-poc/signal_module. Make sure to run `pub get` first.
at:
#0      CustomLintProject.parse.<anonymous closure> (package:custom_lint/src/workspace.dart:948)
#1      MappedIterator.moveNext (dart:_internal/iterable.dart:420)
#2      Future.wait (dart:async/future.dart:544)
#3      CustomLintProject.parse (package:custom_lint/src/workspace.dart:940)
<asynchronous suspension>
#4      Future.wait.<anonymous closure> (dart:async/future.dart:546)
<asynchronous suspension>
#5      CustomLintWorkspace.fromContextRoots (package:custom_lint/src/workspace.dart:515)
<asynchronous suspension>
#6      SocketCustomLintServerToClientChannel.create (package:custom_lint/src/v2/server_to_client_channel.dart:54)
<asynchronous suspension>
#7      CustomLintServer._maybeSpawnCustomLintPlugin (package:custom_lint/src/v2/custom_lint_analyzer_plugin.dart:362)
<asynchronous suspension>
#8      CustomLintServer._handleAnalysisSetContextRoots.<anonymous closure> (package:custom_lint/src/v2/custom_lint_analyzer_plugin.dart:343)
<asynchronous suspension>
#9      PendingOperation.run (package:custom_lint/src/async_operation.dart:22)
<asynchronous suspension>
#10     CustomLintServer._handleRequest (package:custom_lint/src/v2/custom_lint_analyzer_plugin.dart:175)
<asynchronous suspension>

The request analysis.updateContent failed with the following error:
RequestErrorCode.PLUGIN_ERROR
The plugin flutter_boost was not found in the package config at /Users/cudzik/Documents/add2app-framework/add2app-framework-poc/signal_module. Make sure to run `pub get` first.
at:
#0      CustomLintProject.parse.<anonymous closure> (package:custom_lint/src/workspace.dart:948)
#1      MappedIterator.moveNext (dart:_internal/iterable.dart:420)
#2      Future.wait (dart:async/future.dart:544)
#3      CustomLintProject.parse (package:custom_lint/src/workspace.dart:940)
<asynchronous suspension>
#4      Future.wait.<anonymous closure> (dart:async/future.dart:546)
<asynchronous suspension>
#5      CustomLintWorkspace.fromContextRoots (package:custom_lint/src/workspace.dart:515)
<asynchronous suspension>
#6      SocketCustomLintServerToClientChannel.create (package:custom_lint/src/v2/server_to_client_channel.dart:54)
<asynchronous suspension>
#7      CustomLintServer._maybeSpawnCustomLintPlugin (package:custom_lint/src/v2/custom_lint_analyzer_plugin.dart:362)
<asynchronous suspension>
#8      CustomLintServer._handleAnalysisSetContextRoots.<anonymous closure> (package:custom_lint/src/v2/custom_lint_analyzer_plugin.dart:343)
<asynchronous suspension>
#9      PendingOperation.run (package:custom_lint/src/async_operation.dart:22)
<asynchronous suspension>
#10     CustomLintServer._handleRequest (package:custom_lint/src/v2/custom_lint_analyzer_plugin.dart:175)
<asynchronous suspension>

The request analysis.setPriorityFiles failed with the following error:
RequestErrorCode.PLUGIN_ERROR
The plugin flutter_boost was not found in the package config at /Users/cudzik/Documents/add2app-framework/add2app-framework-poc/signal_module. Make sure to run `pub get` first.
at:
#0      CustomLintProject.parse.<anonymous closure> (package:custom_lint/src/workspace.dart:948)
#1      MappedIterator.moveNext (dart:_internal/iterable.dart:420)
#2      Future.wait (dart:async/future.dart:544)
#3      CustomLintProject.parse (package:custom_lint/src/workspace.dart:940)
<asynchronous suspension>
#4      Future.wait.<anonymous closure> (dart:async/future.dart:546)
<asynchronous suspension>
#5      CustomLintWorkspace.fromContextRoots (package:custom_lint/src/workspace.dart:515)
<asynchronous suspension>
#6      SocketCustomLintServerToClientChannel.create (package:custom_lint/src/v2/server_to_client_channel.dart:54)
<asynchronous suspension>
#7      CustomLintServer._maybeSpawnCustomLintPlugin (package:custom_lint/src/v2/custom_lint_analyzer_plugin.dart:362)
<asynchronous suspension>
#8      CustomLintServer._handleAnalysisSetContextRoots.<anonymous closure> (package:custom_lint/src/v2/custom_lint_analyzer_plugin.dart:343)
<asynchronous suspension>
#9      PendingOperation.run (package:custom_lint/src/async_operation.dart:22)
<asynchronous suspension>
#10     CustomLintServer._handleRequest (package:custom_lint/src/v2/custom_lint_analyzer_plugin.dart:175)
<asynchronous suspension>

The request analysis.setSubscriptions failed with the following error:
RequestErrorCode.PLUGIN_ERROR
The plugin flutter_boost was not found in the package config at /Users/cudzik/Documents/add2app-framework/add2app-framework-poc/signal_module. Make sure to run `pub get` first.
at:
#0      CustomLintProject.parse.<anonymous closure> (package:custom_lint/src/workspace.dart:948)
#1      MappedIterator.moveNext (dart:_internal/iterable.dart:420)
#2      Future.wait (dart:async/future.dart:544)
#3      CustomLintProject.parse (package:custom_lint/src/workspace.dart:940)
<asynchronous suspension>
#4      Future.wait.<anonymous closure> (dart:async/future.dart:546)
<asynchronous suspension>
#5      CustomLintWorkspace.fromContextRoots (package:custom_lint/src/workspace.dart:515)
<asynchronous suspension>
#6      SocketCustomLintServerToClientChannel.create (package:custom_lint/src/v2/server_to_client_channel.dart:54)
<asynchronous suspension>
#7      CustomLintServer._maybeSpawnCustomLintPlugin (package:custom_lint/src/v2/custom_lint_analyzer_plugin.dart:362)
<asynchronous suspension>
#8      CustomLintServer._handleAnalysisSetContextRoots.<anonymous closure> (package:custom_lint/src/v2/custom_lint_analyzer_plugin.dart:343)
<asynchronous suspension>
#9      PendingOperation.run (package:custom_lint/src/async_operation.dart:22)
<asynchronous suspension>
#10     CustomLintServer._handleRequest (package:custom_lint/src/v2/custom_lint_analyzer_plugin.dart:175)
<asynchronous suspension>

The request analysis.updateContent failed with the following error:
RequestErrorCode.PLUGIN_ERROR
The plugin flutter_boost was not found in the package config at /Users/cudzik/Documents/add2app-framework/add2app-framework-poc/signal_module. Make sure to run `pub get` first.
at:
#0      CustomLintProject.parse.<anonymous closure> (package:custom_lint/src/workspace.dart:948)
#1      MappedIterator.moveNext (dart:_internal/iterable.dart:420)
#2      Future.wait (dart:async/future.dart:544)
#3      CustomLintProject.parse (package:custom_lint/src/workspace.dart:940)
<asynchronous suspension>
#4      Future.wait.<anonymous closure> (dart:async/future.dart:546)
<asynchronous suspension>
#5      CustomLintWorkspace.fromContextRoots (package:custom_lint/src/workspace.dart:515)
<asynchronous suspension>
#6      SocketCustomLintServerToClientChannel.create (package:custom_lint/src/v2/server_to_client_channel.dart:54)
<asynchronous suspension>
#7      CustomLintServer._maybeSpawnCustomLintPlugin (package:custom_lint/src/v2/custom_lint_analyzer_plugin.dart:362)
<asynchronous suspension>
#8      CustomLintServer._handleAnalysisSetContextRoots.<anonymous closure> (package:custom_lint/src/v2/custom_lint_analyzer_plugin.dart:343)
<asynchronous suspension>
#9      PendingOperation.run (package:custom_lint/src/async_operation.dart:22)
<asynchronous suspension>
#10     CustomLintServer._handleRequest (package:custom_lint/src/v2/custom_lint_analyzer_plugin.dart:175)
<asynchronous suspension>

The request analysis.setPriorityFiles failed with the following error:
RequestErrorCode.PLUGIN_ERROR
The plugin flutter_boost was not found in the package config at /Users/cudzik/Documents/add2app-framework/add2app-framework-poc/signal_module. Make sure to run `pub get` first.
at:
#0      CustomLintProject.parse.<anonymous closure> (package:custom_lint/src/workspace.dart:948)
#1      MappedIterator.moveNext (dart:_internal/iterable.dart:420)
#2      Future.wait (dart:async/future.dart:544)
#3      CustomLintProject.parse (package:custom_lint/src/workspace.dart:940)
<asynchronous suspension>
#4      Future.wait.<anonymous closure> (dart:async/future.dart:546)
<asynchronous suspension>
#5      CustomLintWorkspace.fromContextRoots (package:custom_lint/src/workspace.dart:515)
<asynchronous suspension>
#6      SocketCustomLintServerToClientChannel.create (package:custom_lint/src/v2/server_to_client_channel.dart:54)
<asynchronous suspension>
#7      CustomLintServer._maybeSpawnCustomLintPlugin (package:custom_lint/src/v2/custom_lint_analyzer_plugin.dart:362)
<asynchronous suspension>
#8      CustomLintServer._handleAnalysisSetContextRoots.<anonymous closure> (package:custom_lint/src/v2/custom_lint_analyzer_plugin.dart:343)
<asynchronous suspension>
#9      PendingOperation.run (package:custom_lint/src/async_operation.dart:22)
<asynchronous suspension>
#10     CustomLintServer._handleRequest (package:custom_lint/src/v2/custom_lint_analyzer_plugin.dart:175)
<asynchronous suspension>

The request analysis.setSubscriptions failed with the following error:
RequestErrorCode.PLUGIN_ERROR
The plugin flutter_boost was not found in the package config at /Users/cudzik/Documents/add2app-framework/add2app-framework-poc/signal_module. Make sure to run `pub get` first.
at:
#0      CustomLintProject.parse.<anonymous closure> (package:custom_lint/src/workspace.dart:948)
#1      MappedIterator.moveNext (dart:_internal/iterable.dart:420)
#2      Future.wait (dart:async/future.dart:544)
#3      CustomLintProject.parse (package:custom_lint/src/workspace.dart:940)
<asynchronous suspension>
#4      Future.wait.<anonymous closure> (dart:async/future.dart:546)
<asynchronous suspension>
#5      CustomLintWorkspace.fromContextRoots (package:custom_lint/src/workspace.dart:515)
<asynchronous suspension>
#6      SocketCustomLintServerToClientChannel.create (package:custom_lint/src/v2/server_to_client_channel.dart:54)
<asynchronous suspension>
#7      CustomLintServer._maybeSpawnCustomLintPlugin (package:custom_lint/src/v2/custom_lint_analyzer_plugin.dart:362)
<asynchronous suspension>
#8      CustomLintServer._handleAnalysisSetContextRoots.<anonymous closure> (package:custom_lint/src/v2/custom_lint_analyzer_plugin.dart:343)
<asynchronous suspension>
#9      PendingOperation.run (package:custom_lint/src/async_operation.dart:22)
<asynchronous suspension>
#10     CustomLintServer._handleRequest (package:custom_lint/src/v2/custom_lint_analyzer_plugin.dart:175)
<asynchronous suspension>

The request analysis.updateContent failed with the following error:
RequestErrorCode.PLUGIN_ERROR
The plugin flutter_boost was not found in the package config at /Users/cudzik/Documents/add2app-framework/add2app-framework-poc/signal_module. Make sure to run `pub get` first.
at:
#0      CustomLintProject.parse.<anonymous closure> (package:custom_lint/src/workspace.dart:948)
#1      MappedIterator.moveNext (dart:_internal/iterable.dart:420)
#2      Future.wait (dart:async/future.dart:544)
#3      CustomLintProject.parse (package:custom_lint/src/workspace.dart:940)
<asynchronous suspension>
#4      Future.wait.<anonymous closure> (dart:async/future.dart:546)
<asynchronous suspension>
#5      CustomLintWorkspace.fromContextRoots (package:custom_lint/src/workspace.dart:515)
<asynchronous suspension>
#6      SocketCustomLintServerToClientChannel.create (package:custom_lint/src/v2/server_to_client_channel.dart:54)
<asynchronous suspension>
#7      CustomLintServer._maybeSpawnCustomLintPlugin (package:custom_lint/src/v2/custom_lint_analyzer_plugin.dart:362)
<asynchronous suspension>
#8      CustomLintServer._handleAnalysisSetContextRoots.<anonymous closure> (package:custom_lint/src/v2/custom_lint_analyzer_plugin.dart:343)
<asynchronous suspension>
#9      PendingOperation.run (package:custom_lint/src/async_operation.dart:22)
<asynchronous suspension>
#10     CustomLintServer._handleRequest (package:custom_lint/src/v2/custom_lint_analyzer_plugin.dart:175)
<asynchronous suspension>

The request analysis.setPriorityFiles failed with the following error:
RequestErrorCode.PLUGIN_ERROR
The plugin flutter_boost was not found in the package config at /Users/cudzik/Documents/add2app-framework/add2app-framework-poc/signal_module. Make sure to run `pub get` first.
at:
#0      CustomLintProject.parse.<anonymous closure> (package:custom_lint/src/workspace.dart:948)
#1      MappedIterator.moveNext (dart:_internal/iterable.dart:420)
#2      Future.wait (dart:async/future.dart:544)
#3      CustomLintProject.parse (package:custom_lint/src/workspace.dart:940)
<asynchronous suspension>
#4      Future.wait.<anonymous closure> (dart:async/future.dart:546)
<asynchronous suspension>
#5      CustomLintWorkspace.fromContextRoots (package:custom_lint/src/workspace.dart:515)
<asynchronous suspension>
#6      SocketCustomLintServerToClientChannel.create (package:custom_lint/src/v2/server_to_client_channel.dart:54)
<asynchronous suspension>
#7      CustomLintServer._maybeSpawnCustomLintPlugin (package:custom_lint/src/v2/custom_lint_analyzer_plugin.dart:362)
<asynchronous suspension>
#8      CustomLintServer._handleAnalysisSetContextRoots.<anonymous closure> (package:custom_lint/src/v2/custom_lint_analyzer_plugin.dart:343)
<asynchronous suspension>
#9      PendingOperation.run (package:custom_lint/src/async_operation.dart:22)
<asynchronous suspension>
#10     CustomLintServer._handleRequest (package:custom_lint/src/v2/custom_lint_analyzer_plugin.dart:175)
<asynchronous suspension>

The request analysis.setSubscriptions failed with the following error:
RequestErrorCode.PLUGIN_ERROR
The plugin flutter_boost was not found in the package config at /Users/cudzik/Documents/add2app-framework/add2app-framework-poc/signal_module. Make sure to run `pub get` first.
at:
#0      CustomLintProject.parse.<anonymous closure> (package:custom_lint/src/workspace.dart:948)
#1      MappedIterator.moveNext (dart:_internal/iterable.dart:420)
#2      Future.wait (dart:async/future.dart:544)
#3      CustomLintProject.parse (package:custom_lint/src/workspace.dart:940)
<asynchronous suspension>
#4      Future.wait.<anonymous closure> (dart:async/future.dart:546)
<asynchronous suspension>
#5      CustomLintWorkspace.fromContextRoots (package:custom_lint/src/workspace.dart:515)
<asynchronous suspension>
#6      SocketCustomLintServerToClientChannel.create (package:custom_lint/src/v2/server_to_client_channel.dart:54)
<asynchronous suspension>
#7      CustomLintServer._maybeSpawnCustomLintPlugin (package:custom_lint/src/v2/custom_lint_analyzer_plugin.dart:362)
<asynchronous suspension>
#8      CustomLintServer._handleAnalysisSetContextRoots.<anonymous closure> (package:custom_lint/src/v2/custom_lint_analyzer_plugin.dart:343)
<asynchronous suspension>
#9      PendingOperation.run (package:custom_lint/src/async_operation.dart:22)
<asynchronous suspension>
#10     CustomLintServer._handleRequest (package:custom_lint/src/v2/custom_lint_analyzer_plugin.dart:175)
<asynchronous suspension>

The request edit.getFixes failed with the following error:
RequestErrorCode.PLUGIN_ERROR
The plugin flutter_boost was not found in the package config at /Users/cudzik/Documents/add2app-framework/add2app-framework-poc/signal_module. Make sure to run `pub get` first.
at:
#0      CustomLintProject.parse.<anonymous closure> (package:custom_lint/src/workspace.dart:948)
#1      MappedIterator.moveNext (dart:_internal/iterable.dart:420)
#2      Future.wait (dart:async/future.dart:544)
#3      CustomLintProject.parse (package:custom_lint/src/workspace.dart:940)
<asynchronous suspension>
#4      Future.wait.<anonymous closure> (dart:async/future.dart:546)
<asynchronous suspension>
#5      CustomLintWorkspace.fromContextRoots (package:custom_lint/src/workspace.dart:515)
<asynchronous suspension>
#6      SocketCustomLintServerToClientChannel.create (package:custom_lint/src/v2/server_to_client_channel.dart:54)
<asynchronous suspension>
#7      CustomLintServer._maybeSpawnCustomLintPlugin (package:custom_lint/src/v2/custom_lint_analyzer_plugin.dart:362)
<asynchronous suspension>
#8      CustomLintServer._handleAnalysisSetContextRoots.<anonymous closure> (package:custom_lint/src/v2/custom_lint_analyzer_plugin.dart:343)
<asynchronous suspension>
#9      PendingOperation.run (package:custom_lint/src/async_operation.dart:22)
<asynchronous suspension>
#10     CustomLintServer._handleRequest (package:custom_lint/src/v2/custom_lint_analyzer_plugin.dart:175)
<asynchronous suspension>

The request edit.getFixes failed with the following error:
RequestErrorCode.PLUGIN_ERROR
The plugin flutter_boost was not found in the package config at /Users/cudzik/Documents/add2app-framework/add2app-framework-poc/signal_module. Make sure to run `pub get` first.
at:
#0      CustomLintProject.parse.<anonymous closure> (package:custom_lint/src/workspace.dart:948)
#1      MappedIterator.moveNext (dart:_internal/iterable.dart:420)
#2      Future.wait (dart:async/future.dart:544)
#3      CustomLintProject.parse (package:custom_lint/src/workspace.dart:940)
<asynchronous suspension>
#4      Future.wait.<anonymous closure> (dart:async/future.dart:546)
<asynchronous suspension>
#5      CustomLintWorkspace.fromContextRoots (package:custom_lint/src/workspace.dart:515)
<asynchronous suspension>
#6      SocketCustomLintServerToClientChannel.create (package:custom_lint/src/v2/server_to_client_channel.dart:54)
<asynchronous suspension>
#7      CustomLintServer._maybeSpawnCustomLintPlugin (package:custom_lint/src/v2/custom_lint_analyzer_plugin.dart:362)
<asynchronous suspension>
#8      CustomLintServer._handleAnalysisSetContextRoots.<anonymous closure> (package:custom_lint/src/v2/custom_lint_analyzer_plugin.dart:343)
<asynchronous suspension>
#9      PendingOperation.run (package:custom_lint/src/async_operation.dart:22)
<asynchronous suspension>
#10     CustomLintServer._handleRequest (package:custom_lint/src/v2/custom_lint_analyzer_plugin.dart:175)
<asynchronous suspension>

The request edit.getFixes failed with the following error:
RequestErrorCode.PLUGIN_ERROR
The plugin flutter_boost was not found in the package config at /Users/cudzik/Documents/add2app-framework/add2app-framework-poc/signal_module. Make sure to run `pub get` first.
at:
#0      CustomLintProject.parse.<anonymous closure> (package:custom_lint/src/workspace.dart:948)
#1      MappedIterator.moveNext (dart:_internal/iterable.dart:420)
#2      Future.wait (dart:async/future.dart:544)
#3      CustomLintProject.parse (package:custom_lint/src/workspace.dart:940)
<asynchronous suspension>
#4      Future.wait.<anonymous closure> (dart:async/future.dart:546)
<asynchronous suspension>
#5      CustomLintWorkspace.fromContextRoots (package:custom_lint/src/workspace.dart:515)
<asynchronous suspension>
#6      SocketCustomLintServerToClientChannel.create (package:custom_lint/src/v2/server_to_client_channel.dart:54)
<asynchronous suspension>
#7      CustomLintServer._maybeSpawnCustomLintPlugin (package:custom_lint/src/v2/custom_lint_analyzer_plugin.dart:362)
<asynchronous suspension>
#8      CustomLintServer._handleAnalysisSetContextRoots.<anonymous closure> (package:custom_lint/src/v2/custom_lint_analyzer_plugin.dart:343)
<asynchronous suspension>
#9      PendingOperation.run (package:custom_lint/src/async_operation.dart:22)
<asynchronous suspension>
#10     CustomLintServer._handleRequest (package:custom_lint/src/v2/custom_lint_analyzer_plugin.dart:175)
<asynchronous suspension>

The request edit.getAssists failed with the following error:
RequestErrorCode.PLUGIN_ERROR
The plugin flutter_boost was not found in the package config at /Users/cudzik/Documents/add2app-framework/add2app-framework-poc/signal_module. Make sure to run `pub get` first.
at:
#0      CustomLintProject.parse.<anonymous closure> (package:custom_lint/src/workspace.dart:948)
#1      MappedIterator.moveNext (dart:_internal/iterable.dart:420)
#2      Future.wait (dart:async/future.dart:544)
#3      CustomLintProject.parse (package:custom_lint/src/workspace.dart:940)
<asynchronous suspension>
#4      Future.wait.<anonymous closure> (dart:async/future.dart:546)
<asynchronous suspension>
#5      CustomLintWorkspace.fromContextRoots (package:custom_lint/src/workspace.dart:515)
<asynchronous suspension>
#6      SocketCustomLintServerToClientChannel.create (package:custom_lint/src/v2/server_to_client_channel.dart:54)
<asynchronous suspension>
#7      CustomLintServer._maybeSpawnCustomLintPlugin (package:custom_lint/src/v2/custom_lint_analyzer_plugin.dart:362)
<asynchronous suspension>
#8      CustomLintServer._handleAnalysisSetContextRoots.<anonymous closure> (package:custom_lint/src/v2/custom_lint_analyzer_plugin.dart:343)
<asynchronous suspension>
#9      PendingOperation.run (package:custom_lint/src/async_operation.dart:22)
<asynchronous suspension>
#10     CustomLintServer._handleRequest (package:custom_lint/src/v2/custom_lint_analyzer_plugin.dart:175)
<asynchronous suspension>

The request edit.getAssists failed with the following error:
RequestErrorCode.PLUGIN_ERROR
The plugin flutter_boost was not found in the package config at /Users/cudzik/Documents/add2app-framework/add2app-framework-poc/signal_module. Make sure to run `pub get` first.
at:
#0      CustomLintProject.parse.<anonymous closure> (package:custom_lint/src/workspace.dart:948)
#1      MappedIterator.moveNext (dart:_internal/iterable.dart:420)
#2      Future.wait (dart:async/future.dart:544)
#3      CustomLintProject.parse (package:custom_lint/src/workspace.dart:940)
<asynchronous suspension>
#4      Future.wait.<anonymous closure> (dart:async/future.dart:546)
<asynchronous suspension>
#5      CustomLintWorkspace.fromContextRoots (package:custom_lint/src/workspace.dart:515)
<asynchronous suspension>
#6      SocketCustomLintServerToClientChannel.create (package:custom_lint/src/v2/server_to_client_channel.dart:54)
<asynchronous suspension>
#7      CustomLintServer._maybeSpawnCustomLintPlugin (package:custom_lint/src/v2/custom_lint_analyzer_plugin.dart:362)
<asynchronous suspension>
#8      CustomLintServer._handleAnalysisSetContextRoots.<anonymous closure> (package:custom_lint/src/v2/custom_lint_analyzer_plugin.dart:343)
<asynchronous suspension>
#9      PendingOperation.run (package:custom_lint/src/async_operation.dart:22)
<asynchronous suspension>
#10     CustomLintServer._handleRequest (package:custom_lint/src/v2/custom_lint_analyzer_plugin.dart:175)
<asynchronous suspension>

The request edit.getFixes failed with the following error:
RequestErrorCode.PLUGIN_ERROR
The plugin flutter_boost was not found in the package config at /Users/cudzik/Documents/add2app-framework/add2app-framework-poc/signal_module. Make sure to run `pub get` first.
at:
#0      CustomLintProject.parse.<anonymous closure> (package:custom_lint/src/workspace.dart:948)
#1      MappedIterator.moveNext (dart:_internal/iterable.dart:420)
#2      Future.wait (dart:async/future.dart:544)
#3      CustomLintProject.parse (package:custom_lint/src/workspace.dart:940)
<asynchronous suspension>
#4      Future.wait.<anonymous closure> (dart:async/future.dart:546)
<asynchronous suspension>
#5      CustomLintWorkspace.fromContextRoots (package:custom_lint/src/workspace.dart:515)
<asynchronous suspension>
#6      SocketCustomLintServerToClientChannel.create (package:custom_lint/src/v2/server_to_client_channel.dart:54)
<asynchronous suspension>
#7      CustomLintServer._maybeSpawnCustomLintPlugin (package:custom_lint/src/v2/custom_lint_analyzer_plugin.dart:362)
<asynchronous suspension>
#8      CustomLintServer._handleAnalysisSetContextRoots.<anonymous closure> (package:custom_lint/src/v2/custom_lint_analyzer_plugin.dart:343)
<asynchronous suspension>
#9      PendingOperation.run (package:custom_lint/src/async_operation.dart:22)
<asynchronous suspension>
#10     CustomLintServer._handleRequest (package:custom_lint/src/v2/custom_lint_analyzer_plugin.dart:175)
<asynchronous suspension>

The request edit.getFixes failed with the following error:
RequestErrorCode.PLUGIN_ERROR
The plugin flutter_boost was not found in the package config at /Users/cudzik/Documents/add2app-framework/add2app-framework-poc/signal_module. Make sure to run `pub get` first.
at:
#0      CustomLintProject.parse.<anonymous closure> (package:custom_lint/src/workspace.dart:948)
#1      MappedIterator.moveNext (dart:_internal/iterable.dart:420)
#2      Future.wait (dart:async/future.dart:544)
#3      CustomLintProject.parse (package:custom_lint/src/workspace.dart:940)
<asynchronous suspension>
#4      Future.wait.<anonymous closure> (dart:async/future.dart:546)
<asynchronous suspension>
#5      CustomLintWorkspace.fromContextRoots (package:custom_lint/src/workspace.dart:515)
<asynchronous suspension>
#6      SocketCustomLintServerToClientChannel.create (package:custom_lint/src/v2/server_to_client_channel.dart:54)
<asynchronous suspension>
#7      CustomLintServer._maybeSpawnCustomLintPlugin (package:custom_lint/src/v2/custom_lint_analyzer_plugin.dart:362)
<asynchronous suspension>
#8      CustomLintServer._handleAnalysisSetContextRoots.<anonymous closure> (package:custom_lint/src/v2/custom_lint_analyzer_plugin.dart:343)
<asynchronous suspension>
#9      PendingOperation.run (package:custom_lint/src/async_operation.dart:22)
<asynchronous suspension>
#10     CustomLintServer._handleRequest (package:custom_lint/src/v2/custom_lint_analyzer_plugin.dart:175)
<asynchronous suspension>

The request edit.getAssists failed with the following error:
RequestErrorCode.PLUGIN_ERROR
The plugin flutter_boost was not found in the package config at /Users/cudzik/Documents/add2app-framework/add2app-framework-poc/signal_module. Make sure to run `pub get` first.
at:
#0      CustomLintProject.parse.<anonymous closure> (package:custom_lint/src/workspace.dart:948)
#1      MappedIterator.moveNext (dart:_internal/iterable.dart:420)
#2      Future.wait (dart:async/future.dart:544)
#3      CustomLintProject.parse (package:custom_lint/src/workspace.dart:940)
<asynchronous suspension>
#4      Future.wait.<anonymous closure> (dart:async/future.dart:546)
<asynchronous suspension>
#5      CustomLintWorkspace.fromContextRoots (package:custom_lint/src/workspace.dart:515)
<asynchronous suspension>
#6      SocketCustomLintServerToClientChannel.create (package:custom_lint/src/v2/server_to_client_channel.dart:54)
<asynchronous suspension>
#7      CustomLintServer._maybeSpawnCustomLintPlugin (package:custom_lint/src/v2/custom_lint_analyzer_plugin.dart:362)
<asynchronous suspension>
#8      CustomLintServer._handleAnalysisSetContextRoots.<anonymous closure> (package:custom_lint/src/v2/custom_lint_analyzer_plugin.dart:343)
<asynchronous suspension>
#9      PendingOperation.run (package:custom_lint/src/async_operation.dart:22)
<asynchronous suspension>
#10     CustomLintServer._handleRequest (package:custom_lint/src/v2/custom_lint_analyzer_plugin.dart:175)
<asynchronous suspension>

[ConvertPositionalToNamedFormal] 2026-02-09T13:23:02.282135 Plugin ConvertPositionalToNamedFormal threw while analyzing /Users/cudzik/Documents/add2app-framework/add2app-framework-poc/signal_module/lib/main.dart:
[ConvertPositionalToNamedFormal] 2026-02-09T13:23:02.282135 Could not format because the source could not be parsed:
[ConvertPositionalToNamedFormal] 2026-02-09T13:23:02.282135
[ConvertPositionalToNamedFormal] 2026-02-09T13:23:02.282135 line 76, column 19 of .: Expected to find ')'.
[ConvertPositionalToNamedFormal] 2026-02-09T13:23:02.282135    ╷
[ConvertPositionalToNamedFormal] 2026-02-09T13:23:02.282135 76 │       builder: (__{required this._,}) {
[ConvertPositionalToNamedFormal] 2026-02-09T13:23:02.282135    │                   ^
[ConvertPositionalToNamedFormal] 2026-02-09T13:23:02.282135    ╵
[ConvertPositionalToNamedFormal] 2026-02-09T13:23:02.282135 #0      DartFormatter.formatSource (package:dart_style/src/dart_formatter.dart:182:7)
[ConvertPositionalToNamedFormal] 2026-02-09T13:23:02.282135 #1      DartFileEditBuilderImpl.format (package:analyzer_plugin/src/utilities/change_builder/change_builder_dart.dart:1580:57)
[ConvertPositionalToNamedFormal] 2026-02-09T13:23:02.282135 #2      ConvertPositionalToNamedFormal.run.<anonymous closure>.<anonymous closure> (package:leancode_lint/assists/convert_positional_to_named_formal.dart:98:21)
[ConvertPositionalToNamedFormal] 2026-02-09T13:23:02.282135 #3      ChangeBuilderImpl.addDartFileEdit (package:analyzer_plugin/src/utilities/change_builder/change_builder_core.dart:170:26)
[ConvertPositionalToNamedFormal] 2026-02-09T13:23:02.282135 <asynchronous suspension>
[ConvertPositionalToNamedFormal] 2026-02-09T13:23:02.282135 #4      Future.wait.<anonymous closure> (dart:async/future.dart:546:21)
[ConvertPositionalToNamedFormal] 2026-02-09T13:23:02.282135 <asynchronous suspension>
[ConvertPositionalToNamedFormal] 2026-02-09T13:23:02.282135 #5      ChangeBuilderImpl.waitForCompletion (package:custom_lint_core/src/change_reporter.dart:285:5)
[ConvertPositionalToNamedFormal] 2026-02-09T13:23:02.282135 <asynchronous suspension>
[ConvertPositionalToNamedFormal] 2026-02-09T13:23:02.282135 #6      ChangeBuilderImpl.complete (package:custom_lint_core/src/change_reporter.dart:294:5)
[ConvertPositionalToNamedFormal] 2026-02-09T13:23:02.282135 <asynchronous suspension>
[ConvertPositionalToNamedFormal] 2026-02-09T13:23:02.282135 #7      Future.wait.<anonymous closure> (dart:async/future.dart:546:21)
[ConvertPositionalToNamedFormal] 2026-02-09T13:23:02.282135 <asynchronous suspension>
[ConvertPositionalToNamedFormal] 2026-02-09T13:23:02.282135 #8      _ClientAnalyzerPlugin.handleEditGetAssists (package:custom_lint_builder/src/client.dart:569:7)
[ConvertPositionalToNamedFormal] 2026-02-09T13:23:02.282135 <asynchronous suspension>
[ConvertPositionalToNamedFormal] 2026-02-09T13:23:02.282135 #9      ServerPlugin._getResponse (package:analyzer_plugin/plugin/plugin.dart:554:18)
[ConvertPositionalToNamedFormal] 2026-02-09T13:23:02.282135 <asynchronous suspension>
[ConvertPositionalToNamedFormal] 2026-02-09T13:23:02.282135 #10     ServerPlugin._onRequest (package:analyzer_plugin/plugin/plugin.dart:597:18)
[ConvertPositionalToNamedFormal] 2026-02-09T13:23:02.282135 <asynchronous suspension>
[ConvertPositionalToNamedFormal] 2026-02-09T13:23:02.282135
[ConvertPositionalToNamedFormal] 2026-02-09T13:23:19.790824 Plugin ConvertPositionalToNamedFormal threw while analyzing /Users/cudzik/Documents/add2app-framework/add2app-framework-poc/signal_module/lib/main.dart:
[ConvertPositionalToNamedFormal] 2026-02-09T13:23:19.790824 Could not format because the source could not be parsed:
[ConvertPositionalToNamedFormal] 2026-02-09T13:23:19.790824
[ConvertPositionalToNamedFormal] 2026-02-09T13:23:19.790824 line 17, column 49 of .: Expected to find ')'.
[ConvertPositionalToNamedFormal] 2026-02-09T13:23:19.790824    ╷
[ConvertPositionalToNamedFormal] 2026-02-09T13:23:19.790824 17 │     'contactDetails': (isContainerPage, uniqueId{required this.settings,}) {
[ConvertPositionalToNamedFormal] 2026-02-09T13:23:19.790824    │                                                 ^
[ConvertPositionalToNamedFormal] 2026-02-09T13:23:19.790824    ╵
[ConvertPositionalToNamedFormal] 2026-02-09T13:23:19.790824 #0      DartFormatter.formatSource (package:dart_style/src/dart_formatter.dart:182:7)
[ConvertPositionalToNamedFormal] 2026-02-09T13:23:19.790824 #1      DartFileEditBuilderImpl.format (package:analyzer_plugin/src/utilities/change_builder/change_builder_dart.dart:1580:57)
[ConvertPositionalToNamedFormal] 2026-02-09T13:23:19.790824 #2      ConvertPositionalToNamedFormal.run.<anonymous closure>.<anonymous closure> (package:leancode_lint/assists/convert_positional_to_named_formal.dart:98:21)
[ConvertPositionalToNamedFormal] 2026-02-09T13:23:19.790824 #3      ChangeBuilderImpl.addDartFileEdit (package:analyzer_plugin/src/utilities/change_builder/change_builder_core.dart:170:26)
[ConvertPositionalToNamedFormal] 2026-02-09T13:23:19.790824 <asynchronous suspension>
[ConvertPositionalToNamedFormal] 2026-02-09T13:23:19.790824 #4      Future.wait.<anonymous closure> (dart:async/future.dart:546:21)
[ConvertPositionalToNamedFormal] 2026-02-09T13:23:19.790824 <asynchronous suspension>
[ConvertPositionalToNamedFormal] 2026-02-09T13:23:19.790824 #5      ChangeBuilderImpl.waitForCompletion (package:custom_lint_core/src/change_reporter.dart:285:5)
[ConvertPositionalToNamedFormal] 2026-02-09T13:23:19.790824 <asynchronous suspension>
[ConvertPositionalToNamedFormal] 2026-02-09T13:23:19.790824 #6      ChangeBuilderImpl.complete (package:custom_lint_core/src/change_reporter.dart:294:5)
[ConvertPositionalToNamedFormal] 2026-02-09T13:23:19.790824 <asynchronous suspension>
[ConvertPositionalToNamedFormal] 2026-02-09T13:23:19.790824 #7      Future.wait.<anonymous closure> (dart:async/future.dart:546:21)
[ConvertPositionalToNamedFormal] 2026-02-09T13:23:19.790824 <asynchronous suspension>
[ConvertPositionalToNamedFormal] 2026-02-09T13:23:19.790824 #8      _ClientAnalyzerPlugin.handleEditGetAssists (package:custom_lint_builder/src/client.dart:569:7)
[ConvertPositionalToNamedFormal] 2026-02-09T13:23:19.790824 <asynchronous suspension>
[ConvertPositionalToNamedFormal] 2026-02-09T13:23:19.790824 #9      ServerPlugin._getResponse (package:analyzer_plugin/plugin/plugin.dart:554:18)
[ConvertPositionalToNamedFormal] 2026-02-09T13:23:19.790824 <asynchronous suspension>
[ConvertPositionalToNamedFormal] 2026-02-09T13:23:19.790824 #10     ServerPlugin._onRequest (package:analyzer_plugin/plugin/plugin.dart:597:18)
[ConvertPositionalToNamedFormal] 2026-02-09T13:23:19.790824 <asynchronous suspension>
[ConvertPositionalToNamedFormal] 2026-02-09T13:23:19.790824
[ConvertPositionalToNamedFormal] 2026-02-09T13:23:19.791075 Plugin ConvertPositionalToNamedFormal threw while analyzing /Users/cudzik/Documents/add2app-framework/add2app-framework-poc/signal_module/lib/main.dart:
[ConvertPositionalToNamedFormal] 2026-02-09T13:23:19.791075 Could not format because the source could not be parsed:
[ConvertPositionalToNamedFormal] 2026-02-09T13:23:19.791075
[ConvertPositionalToNamedFormal] 2026-02-09T13:23:19.791075 line 28, column 47 of .: Expected to find ')'.
[ConvertPositionalToNamedFormal] 2026-02-09T13:23:19.791075    ╷
[ConvertPositionalToNamedFormal] 2026-02-09T13:23:19.791075 28 │     'setWallpaper': (isContainerPage, uniqueId{required this.settings,}) {
[ConvertPositionalToNamedFormal] 2026-02-09T13:23:19.791075    │                                               ^
[ConvertPositionalToNamedFormal] 2026-02-09T13:23:19.791075    ╵
[ConvertPositionalToNamedFormal] 2026-02-09T13:23:19.791075 #0      DartFormatter.formatSource (package:dart_style/src/dart_formatter.dart:182:7)
[ConvertPositionalToNamedFormal] 2026-02-09T13:23:19.791075 #1      DartFileEditBuilderImpl.format (package:analyzer_plugin/src/utilities/change_builder/change_builder_dart.dart:1580:57)
[ConvertPositionalToNamedFormal] 2026-02-09T13:23:19.791075 #2      ConvertPositionalToNamedFormal.run.<anonymous closure>.<anonymous closure> (package:leancode_lint/assists/convert_positional_to_named_formal.dart:98:21)
[ConvertPositionalToNamedFormal] 2026-02-09T13:23:19.791075 #3      ChangeBuilderImpl.addDartFileEdit (package:analyzer_plugin/src/utilities/change_builder/change_builder_core.dart:170:26)
[ConvertPositionalToNamedFormal] 2026-02-09T13:23:19.791075 <asynchronous suspension>
[ConvertPositionalToNamedFormal] 2026-02-09T13:23:19.791075 #4      Future.wait.<anonymous closure> (dart:async/future.dart:546:21)
[ConvertPositionalToNamedFormal] 2026-02-09T13:23:19.791075 <asynchronous suspension>
[ConvertPositionalToNamedFormal] 2026-02-09T13:23:19.791075 #5      ChangeBuilderImpl.waitForCompletion (package:custom_lint_core/src/change_reporter.dart:285:5)
[ConvertPositionalToNamedFormal] 2026-02-09T13:23:19.791075 <asynchronous suspension>
[ConvertPositionalToNamedFormal] 2026-02-09T13:23:19.791075 #6      ChangeBuilderImpl.complete (package:custom_lint_core/src/change_reporter.dart:294:5)
[ConvertPositionalToNamedFormal] 2026-02-09T13:23:19.791075 <asynchronous suspension>
[ConvertPositionalToNamedFormal] 2026-02-09T13:23:19.791075 #7      Future.wait.<anonymous closure> (dart:async/future.dart:546:21)
[ConvertPositionalToNamedFormal] 2026-02-09T13:23:19.791075 <asynchronous suspension>
[ConvertPositionalToNamedFormal] 2026-02-09T13:23:19.791075 #8      _ClientAnalyzerPlugin.handleEditGetAssists (package:custom_lint_builder/src/client.dart:569:7)
[ConvertPositionalToNamedFormal] 2026-02-09T13:23:19.791075 <asynchronous suspension>
[ConvertPositionalToNamedFormal] 2026-02-09T13:23:19.791075 #9      ServerPlugin._getResponse (package:analyzer_plugin/plugin/plugin.dart:554:18)
[ConvertPositionalToNamedFormal] 2026-02-09T13:23:19.791075 <asynchronous suspension>
[ConvertPositionalToNamedFormal] 2026-02-09T13:23:19.791075 #10     ServerPlugin._onRequest (package:analyzer_plugin/plugin/plugin.dart:597:18)
[ConvertPositionalToNamedFormal] 2026-02-09T13:23:19.791075 <asynchronous suspension>
[ConvertPositionalToNamedFormal] 2026-02-09T13:23:19.791075
[ConvertPositionalToNamedFormal] 2026-02-09T13:23:19.791261 Plugin ConvertPositionalToNamedFormal threw while analyzing /Users/cudzik/Documents/add2app-framework/add2app-framework-poc/signal_module/lib/main.dart:
[ConvertPositionalToNamedFormal] 2026-02-09T13:23:19.791261 Could not format because the source could not be parsed:
[ConvertPositionalToNamedFormal] 2026-02-09T13:23:19.791261
[ConvertPositionalToNamedFormal] 2026-02-09T13:23:19.791261 line 39, column 54 of .: Expected to find ')'.
[ConvertPositionalToNamedFormal] 2026-02-09T13:23:19.791261    ╷
[ConvertPositionalToNamedFormal] 2026-02-09T13:23:19.791261 39 │     'soundsNotifications': (isContainerPage, uniqueId{required this.settings,}) {
[ConvertPositionalToNamedFormal] 2026-02-09T13:23:19.791261    │                                                      ^
[ConvertPositionalToNamedFormal] 2026-02-09T13:23:19.791261    ╵
[ConvertPositionalToNamedFormal] 2026-02-09T13:23:19.791261 #0      DartFormatter.formatSource (package:dart_style/src/dart_formatter.dart:182:7)
[ConvertPositionalToNamedFormal] 2026-02-09T13:23:19.791261 #1      DartFileEditBuilderImpl.format (package:analyzer_plugin/src/utilities/change_builder/change_builder_dart.dart:1580:57)
[ConvertPositionalToNamedFormal] 2026-02-09T13:23:19.791261 #2      ConvertPositionalToNamedFormal.run.<anonymous closure>.<anonymous closure> (package:leancode_lint/assists/convert_positional_to_named_formal.dart:98:21)
[ConvertPositionalToNamedFormal] 2026-02-09T13:23:19.791261 #3      ChangeBuilderImpl.addDartFileEdit (package:analyzer_plugin/src/utilities/change_builder/change_builder_core.dart:170:26)
[ConvertPositionalToNamedFormal] 2026-02-09T13:23:19.791261 <asynchronous suspension>
[ConvertPositionalToNamedFormal] 2026-02-09T13:23:19.791261 #4      Future.wait.<anonymous closure> (dart:async/future.dart:546:21)
[ConvertPositionalToNamedFormal] 2026-02-09T13:23:19.791261 <asynchronous suspension>
[ConvertPositionalToNamedFormal] 2026-02-09T13:23:19.791261 #5      ChangeBuilderImpl.waitForCompletion (package:custom_lint_core/src/change_reporter.dart:285:5)
[ConvertPositionalToNamedFormal] 2026-02-09T13:23:19.791261 <asynchronous suspension>
[ConvertPositionalToNamedFormal] 2026-02-09T13:23:19.791261 #6      ChangeBuilderImpl.complete (package:custom_lint_core/src/change_reporter.dart:294:5)
[ConvertPositionalToNamedFormal] 2026-02-09T13:23:19.791261 <asynchronous suspension>
[ConvertPositionalToNamedFormal] 2026-02-09T13:23:19.791261 #7      Future.wait.<anonymous closure> (dart:async/future.dart:546:21)
[ConvertPositionalToNamedFormal] 2026-02-09T13:23:19.791261 <asynchronous suspension>
[ConvertPositionalToNamedFormal] 2026-02-09T13:23:19.791261 #8      _ClientAnalyzerPlugin.handleEditGetAssists (package:custom_lint_builder/src/client.dart:569:7)
[ConvertPositionalToNamedFormal] 2026-02-09T13:23:19.791261 <asynchronous suspension>
[ConvertPositionalToNamedFormal] 2026-02-09T13:23:19.791261 #9      ServerPlugin._getResponse (package:analyzer_plugin/plugin/plugin.dart:554:18)
[ConvertPositionalToNamedFormal] 2026-02-09T13:23:19.791261 <asynchronous suspension>
[ConvertPositionalToNamedFormal] 2026-02-09T13:23:19.791261 #10     ServerPlugin._onRequest (package:analyzer_plugin/plugin/plugin.dart:597:18)
[ConvertPositionalToNamedFormal] 2026-02-09T13:23:19.791261 <asynchronous suspension>
[ConvertPositionalToNamedFormal] 2026-02-09T13:23:19.791261
[ConvertPositionalToNamedFormal] 2026-02-09T13:23:35.488189 Plugin ConvertPositionalToNamedFormal threw while analyzing /Users/cudzik/Documents/add2app-framework/add2app-framework-poc/signal_module/lib/main.dart:
[ConvertPositionalToNamedFormal] 2026-02-09T13:23:35.488189 Could not format because the source could not be parsed:
[ConvertPositionalToNamedFormal] 2026-02-09T13:23:35.488189
[ConvertPositionalToNamedFormal] 2026-02-09T13:23:35.488189 line 17, column 49 of .: Expected to find ')'.
[ConvertPositionalToNamedFormal] 2026-02-09T13:23:35.488189    ╷
[ConvertPositionalToNamedFormal] 2026-02-09T13:23:35.488189 17 │     'contactDetails': (isContainerPage, uniqueId{required this.settings,}) {
[ConvertPositionalToNamedFormal] 2026-02-09T13:23:35.488189    │                                                 ^
[ConvertPositionalToNamedFormal] 2026-02-09T13:23:35.488189    ╵
[ConvertPositionalToNamedFormal] 2026-02-09T13:23:35.488189 #0      DartFormatter.formatSource (package:dart_style/src/dart_formatter.dart:182:7)
[ConvertPositionalToNamedFormal] 2026-02-09T13:23:35.488189 #1      DartFileEditBuilderImpl.format (package:analyzer_plugin/src/utilities/change_builder/change_builder_dart.dart:1580:57)
[ConvertPositionalToNamedFormal] 2026-02-09T13:23:35.488189 #2      ConvertPositionalToNamedFormal.run.<anonymous closure>.<anonymous closure> (package:leancode_lint/assists/convert_positional_to_named_formal.dart:98:21)
[ConvertPositionalToNamedFormal] 2026-02-09T13:23:35.488189 #3      ChangeBuilderImpl.addDartFileEdit (package:analyzer_plugin/src/utilities/change_builder/change_builder_core.dart:170:26)
[ConvertPositionalToNamedFormal] 2026-02-09T13:23:35.488189 <asynchronous suspension>
[ConvertPositionalToNamedFormal] 2026-02-09T13:23:35.488189 #4      Future.wait.<anonymous closure> (dart:async/future.dart:546:21)
[ConvertPositionalToNamedFormal] 2026-02-09T13:23:35.488189 <asynchronous suspension>
[ConvertPositionalToNamedFormal] 2026-02-09T13:23:35.488189 #5      ChangeBuilderImpl.waitForCompletion (package:custom_lint_core/src/change_reporter.dart:285:5)
[ConvertPositionalToNamedFormal] 2026-02-09T13:23:35.488189 <asynchronous suspension>
[ConvertPositionalToNamedFormal] 2026-02-09T13:23:35.488189 #6      ChangeBuilderImpl.complete (package:custom_lint_core/src/change_reporter.dart:294:5)
[ConvertPositionalToNamedFormal] 2026-02-09T13:23:35.488189 <asynchronous suspension>
[ConvertPositionalToNamedFormal] 2026-02-09T13:23:35.488189 #7      Future.wait.<anonymous closure> (dart:async/future.dart:546:21)
[ConvertPositionalToNamedFormal] 2026-02-09T13:23:35.488189 <asynchronous suspension>
[ConvertPositionalToNamedFormal] 2026-02-09T13:23:35.488189 #8      _ClientAnalyzerPlugin.handleEditGetAssists (package:custom_lint_builder/src/client.dart:569:7)
[ConvertPositionalToNamedFormal] 2026-02-09T13:23:35.488189 <asynchronous suspension>
[ConvertPositionalToNamedFormal] 2026-02-09T13:23:35.488189 #9      ServerPlugin._getResponse (package:analyzer_plugin/plugin/plugin.dart:554:18)
[ConvertPositionalToNamedFormal] 2026-02-09T13:23:35.488189 <asynchronous suspension>
[ConvertPositionalToNamedFormal] 2026-02-09T13:23:35.488189 #10     ServerPlugin._onRequest (package:analyzer_plugin/plugin/plugin.dart:597:18)
[ConvertPositionalToNamedFormal] 2026-02-09T13:23:35.488189 <asynchronous suspension>
[ConvertPositionalToNamedFormal] 2026-02-09T13:23:35.488189
[ConvertPositionalToNamedFormal] 2026-02-09T13:23:35.488654 Plugin ConvertPositionalToNamedFormal threw while analyzing /Users/cudzik/Documents/add2app-framework/add2app-framework-poc/signal_module/lib/main.dart:
[ConvertPositionalToNamedFormal] 2026-02-09T13:23:35.488654 Could not format because the source could not be parsed:
[ConvertPositionalToNamedFormal] 2026-02-09T13:23:35.488654
[ConvertPositionalToNamedFormal] 2026-02-09T13:23:35.488654 line 28, column 47 of .: Expected to find ')'.
[ConvertPositionalToNamedFormal] 2026-02-09T13:23:35.488654    ╷
[ConvertPositionalToNamedFormal] 2026-02-09T13:23:35.488654 28 │     'setWallpaper': (isContainerPage, uniqueId{required this.settings,}) {
[ConvertPositionalToNamedFormal] 2026-02-09T13:23:35.488654    │                                               ^
[ConvertPositionalToNamedFormal] 2026-02-09T13:23:35.488654    ╵
[ConvertPositionalToNamedFormal] 2026-02-09T13:23:35.488654 #0      DartFormatter.formatSource (package:dart_style/src/dart_formatter.dart:182:7)
[ConvertPositionalToNamedFormal] 2026-02-09T13:23:35.488654 #1      DartFileEditBuilderImpl.format (package:analyzer_plugin/src/utilities/change_builder/change_builder_dart.dart:1580:57)
[ConvertPositionalToNamedFormal] 2026-02-09T13:23:35.488654 #2      ConvertPositionalToNamedFormal.run.<anonymous closure>.<anonymous closure> (package:leancode_lint/assists/convert_positional_to_named_formal.dart:98:21)
[ConvertPositionalToNamedFormal] 2026-02-09T13:23:35.488654 #3      ChangeBuilderImpl.addDartFileEdit (package:analyzer_plugin/src/utilities/change_builder/change_builder_core.dart:170:26)
[ConvertPositionalToNamedFormal] 2026-02-09T13:23:35.488654 <asynchronous suspension>
[ConvertPositionalToNamedFormal] 2026-02-09T13:23:35.488654 #4      Future.wait.<anonymous closure> (dart:async/future.dart:546:21)
[ConvertPositionalToNamedFormal] 2026-02-09T13:23:35.488654 <asynchronous suspension>
[ConvertPositionalToNamedFormal] 2026-02-09T13:23:35.488654 #5      ChangeBuilderImpl.waitForCompletion (package:custom_lint_core/src/change_reporter.dart:285:5)
[ConvertPositionalToNamedFormal] 2026-02-09T13:23:35.488654 <asynchronous suspension>
[ConvertPositionalToNamedFormal] 2026-02-09T13:23:35.488654 #6      ChangeBuilderImpl.complete (package:custom_lint_core/src/change_reporter.dart:294:5)
[ConvertPositionalToNamedFormal] 2026-02-09T13:23:35.488654 <asynchronous suspension>
[ConvertPositionalToNamedFormal] 2026-02-09T13:23:35.488654 #7      Future.wait.<anonymous closure> (dart:async/future.dart:546:21)
[ConvertPositionalToNamedFormal] 2026-02-09T13:23:35.488654 <asynchronous suspension>
[ConvertPositionalToNamedFormal] 2026-02-09T13:23:35.488654 #8      _ClientAnalyzerPlugin.handleEditGetAssists (package:custom_lint_builder/src/client.dart:569:7)
[ConvertPositionalToNamedFormal] 2026-02-09T13:23:35.488654 <asynchronous suspension>
[ConvertPositionalToNamedFormal] 2026-02-09T13:23:35.488654 #9      ServerPlugin._getResponse (package:analyzer_plugin/plugin/plugin.dart:554:18)
[ConvertPositionalToNamedFormal] 2026-02-09T13:23:35.488654 <asynchronous suspension>
[ConvertPositionalToNamedFormal] 2026-02-09T13:23:35.488654 #10     ServerPlugin._onRequest (package:analyzer_plugin/plugin/plugin.dart:597:18)
[ConvertPositionalToNamedFormal] 2026-02-09T13:23:35.488654 <asynchronous suspension>
[ConvertPositionalToNamedFormal] 2026-02-09T13:23:35.488654
[ConvertPositionalToNamedFormal] 2026-02-09T13:23:35.488795 Plugin ConvertPositionalToNamedFormal threw while analyzing /Users/cudzik/Documents/add2app-framework/add2app-framework-poc/signal_module/lib/main.dart:
[ConvertPositionalToNamedFormal] 2026-02-09T13:23:35.488795 Could not format because the source could not be parsed:
[ConvertPositionalToNamedFormal] 2026-02-09T13:23:35.488795
[ConvertPositionalToNamedFormal] 2026-02-09T13:23:35.488795 line 39, column 54 of .: Expected to find ')'.
[ConvertPositionalToNamedFormal] 2026-02-09T13:23:35.488795    ╷
[ConvertPositionalToNamedFormal] 2026-02-09T13:23:35.488795 39 │     'soundsNotifications': (isContainerPage, uniqueId{required this.settings,}) {
[ConvertPositionalToNamedFormal] 2026-02-09T13:23:35.488795    │                                                      ^
[ConvertPositionalToNamedFormal] 2026-02-09T13:23:35.488795    ╵
[ConvertPositionalToNamedFormal] 2026-02-09T13:23:35.488795 #0      DartFormatter.formatSource (package:dart_style/src/dart_formatter.dart:182:7)
[ConvertPositionalToNamedFormal] 2026-02-09T13:23:35.488795 #1      DartFileEditBuilderImpl.format (package:analyzer_plugin/src/utilities/change_builder/change_builder_dart.dart:1580:57)
[ConvertPositionalToNamedFormal] 2026-02-09T13:23:35.488795 #2      ConvertPositionalToNamedFormal.run.<anonymous closure>.<anonymous closure> (package:leancode_lint/assists/convert_positional_to_named_formal.dart:98:21)
[ConvertPositionalToNamedFormal] 2026-02-09T13:23:35.488795 #3      ChangeBuilderImpl.addDartFileEdit (package:analyzer_plugin/src/utilities/change_builder/change_builder_core.dart:170:26)
[ConvertPositionalToNamedFormal] 2026-02-09T13:23:35.488795 <asynchronous suspension>
[ConvertPositionalToNamedFormal] 2026-02-09T13:23:35.488795 #4      Future.wait.<anonymous closure> (dart:async/future.dart:546:21)
[ConvertPositionalToNamedFormal] 2026-02-09T13:23:35.488795 <asynchronous suspension>
[ConvertPositionalToNamedFormal] 2026-02-09T13:23:35.488795 #5      ChangeBuilderImpl.waitForCompletion (package:custom_lint_core/src/change_reporter.dart:285:5)
[ConvertPositionalToNamedFormal] 2026-02-09T13:23:35.488795 <asynchronous suspension>
[ConvertPositionalToNamedFormal] 2026-02-09T13:23:35.488795 #6      ChangeBuilderImpl.complete (package:custom_lint_core/src/change_reporter.dart:294:5)
[ConvertPositionalToNamedFormal] 2026-02-09T13:23:35.488795 <asynchronous suspension>
[ConvertPositionalToNamedFormal] 2026-02-09T13:23:35.488795 #7      Future.wait.<anonymous closure> (dart:async/future.dart:546:21)
[ConvertPositionalToNamedFormal] 2026-02-09T13:23:35.488795 <asynchronous suspension>
[ConvertPositionalToNamedFormal] 2026-02-09T13:23:35.488795 #8      _ClientAnalyzerPlugin.handleEditGetAssists (package:custom_lint_builder/src/client.dart:569:7)
[ConvertPositionalToNamedFormal] 2026-02-09T13:23:35.488795 <asynchronous suspension>
[ConvertPositionalToNamedFormal] 2026-02-09T13:23:35.488795 #9      ServerPlugin._getResponse (package:analyzer_plugin/plugin/plugin.dart:554:18)
[ConvertPositionalToNamedFormal] 2026-02-09T13:23:35.488795 <asynchronous suspension>
[ConvertPositionalToNamedFormal] 2026-02-09T13:23:35.488795 #10     ServerPlugin._onRequest (package:analyzer_plugin/plugin/plugin.dart:597:18)
[ConvertPositionalToNamedFormal] 2026-02-09T13:23:35.488795 <asynchronous suspension>
[ConvertPositionalToNamedFormal] 2026-02-09T13:23:35.488795
[ConvertPositionalToNamedFormal] 2026-02-09T13:24:07.652236 Plugin ConvertPositionalToNamedFormal threw while analyzing /Users/cudzik/Documents/add2app-framework/add2app-framework-poc/signal_module/lib/main.dart:
[ConvertPositionalToNamedFormal] 2026-02-09T13:24:07.652236 Could not format because the source could not be parsed:
[ConvertPositionalToNamedFormal] 2026-02-09T13:24:07.652236
[ConvertPositionalToNamedFormal] 2026-02-09T13:24:07.652236 line 16, column 55 of .: Expected to find ')'.
[ConvertPositionalToNamedFormal] 2026-02-09T13:24:07.652236    ╷
[ConvertPositionalToNamedFormal] 2026-02-09T13:24:07.652236 16 │   Map<String, PageRoute Function(RouteSettings, String{required this.null,})> routerMap = {
[ConvertPositionalToNamedFormal] 2026-02-09T13:24:07.652236    │                                                       ^
[ConvertPositionalToNamedFormal] 2026-02-09T13:24:07.652236    ╵
[ConvertPositionalToNamedFormal] 2026-02-09T13:24:07.652236 #0      DartFormatter.formatSource (package:dart_style/src/dart_formatter.dart:182:7)
[ConvertPositionalToNamedFormal] 2026-02-09T13:24:07.652236 #1      DartFileEditBuilderImpl.format (package:analyzer_plugin/src/utilities/change_builder/change_builder_dart.dart:1580:57)
[ConvertPositionalToNamedFormal] 2026-02-09T13:24:07.652236 #2      ConvertPositionalToNamedFormal.run.<anonymous closure>.<anonymous closure> (package:leancode_lint/assists/convert_positional_to_named_formal.dart:98:21)
[ConvertPositionalToNamedFormal] 2026-02-09T13:24:07.652236 #3      ChangeBuilderImpl.addDartFileEdit (package:analyzer_plugin/src/utilities/change_builder/change_builder_core.dart:170:26)
[ConvertPositionalToNamedFormal] 2026-02-09T13:24:07.652236 <asynchronous suspension>
[ConvertPositionalToNamedFormal] 2026-02-09T13:24:07.652236 #4      Future.wait.<anonymous closure> (dart:async/future.dart:546:21)
[ConvertPositionalToNamedFormal] 2026-02-09T13:24:07.652236 <asynchronous suspension>
[ConvertPositionalToNamedFormal] 2026-02-09T13:24:07.652236 #5      ChangeBuilderImpl.waitForCompletion (package:custom_lint_core/src/change_reporter.dart:285:5)
[ConvertPositionalToNamedFormal] 2026-02-09T13:24:07.652236 <asynchronous suspension>
[ConvertPositionalToNamedFormal] 2026-02-09T13:24:07.652236 #6      ChangeBuilderImpl.complete (package:custom_lint_core/src/change_reporter.dart:294:5)
[ConvertPositionalToNamedFormal] 2026-02-09T13:24:07.652236 <asynchronous suspension>
[ConvertPositionalToNamedFormal] 2026-02-09T13:24:07.652236 #7      Future.wait.<anonymous closure> (dart:async/future.dart:546:21)
[ConvertPositionalToNamedFormal] 2026-02-09T13:24:07.652236 <asynchronous suspension>
[ConvertPositionalToNamedFormal] 2026-02-09T13:24:07.652236 #8      _ClientAnalyzerPlugin.handleEditGetAssists (package:custom_lint_builder/src/client.dart:569:7)
[ConvertPositionalToNamedFormal] 2026-02-09T13:24:07.652236 <asynchronous suspension>
[ConvertPositionalToNamedFormal] 2026-02-09T13:24:07.652236 #9      ServerPlugin._getResponse (package:analyzer_plugin/plugin/plugin.dart:554:18)
[ConvertPositionalToNamedFormal] 2026-02-09T13:24:07.652236 <asynchronous suspension>
[ConvertPositionalToNamedFormal] 2026-02-09T13:24:07.652236 #10     ServerPlugin._onRequest (package:analyzer_plugin/plugin/plugin.dart:597:18)
[ConvertPositionalToNamedFormal] 2026-02-09T13:24:07.652236 <asynchronous suspension>
[ConvertPositionalToNamedFormal] 2026-02-09T13:24:07.652236
[ConvertPositionalToNamedFormal] 2026-02-09T13:24:09.432554 Plugin ConvertPositionalToNamedFormal threw while analyzing /Users/cudzik/Documents/add2app-framework/add2app-framework-poc/signal_module/lib/main.dart:
[ConvertPositionalToNamedFormal] 2026-02-09T13:24:09.432554 Could not format because the source could not be parsed:
[ConvertPositionalToNamedFormal] 2026-02-09T13:24:09.432554
[ConvertPositionalToNamedFormal] 2026-02-09T13:24:09.432554 line 16, column 55 of .: Expected to find ')'.
[ConvertPositionalToNamedFormal] 2026-02-09T13:24:09.432554    ╷
[ConvertPositionalToNamedFormal] 2026-02-09T13:24:09.432554 16 │   Map<String, PageRoute Function(RouteSettings, String{required this.null,})> routerMap = {
[ConvertPositionalToNamedFormal] 2026-02-09T13:24:09.432554    │                                                       ^
[ConvertPositionalToNamedFormal] 2026-02-09T13:24:09.432554    ╵
[ConvertPositionalToNamedFormal] 2026-02-09T13:24:09.432554 #0      DartFormatter.formatSource (package:dart_style/src/dart_formatter.dart:182:7)
[ConvertPositionalToNamedFormal] 2026-02-09T13:24:09.432554 #1      DartFileEditBuilderImpl.format (package:analyzer_plugin/src/utilities/change_builder/change_builder_dart.dart:1580:57)
[ConvertPositionalToNamedFormal] 2026-02-09T13:24:09.432554 #2      ConvertPositionalToNamedFormal.run.<anonymous closure>.<anonymous closure> (package:leancode_lint/assists/convert_positional_to_named_formal.dart:98:21)
[ConvertPositionalToNamedFormal] 2026-02-09T13:24:09.432554 #3      ChangeBuilderImpl.addDartFileEdit (package:analyzer_plugin/src/utilities/change_builder/change_builder_core.dart:170:26)
[ConvertPositionalToNamedFormal] 2026-02-09T13:24:09.432554 <asynchronous suspension>
[ConvertPositionalToNamedFormal] 2026-02-09T13:24:09.432554 #4      Future.wait.<anonymous closure> (dart:async/future.dart:546:21)
[ConvertPositionalToNamedFormal] 2026-02-09T13:24:09.432554 <asynchronous suspension>
[ConvertPositionalToNamedFormal] 2026-02-09T13:24:09.432554 #5      ChangeBuilderImpl.waitForCompletion (package:custom_lint_core/src/change_reporter.dart:285:5)
[ConvertPositionalToNamedFormal] 2026-02-09T13:24:09.432554 <asynchronous suspension>
[ConvertPositionalToNamedFormal] 2026-02-09T13:24:09.432554 #6      ChangeBuilderImpl.complete (package:custom_lint_core/src/change_reporter.dart:294:5)
[ConvertPositionalToNamedFormal] 2026-02-09T13:24:09.432554 <asynchronous suspension>
[ConvertPositionalToNamedFormal] 2026-02-09T13:24:09.432554 #7      Future.wait.<anonymous closure> (dart:async/future.dart:546:21)
[ConvertPositionalToNamedFormal] 2026-02-09T13:24:09.432554 <asynchronous suspension>
[ConvertPositionalToNamedFormal] 2026-02-09T13:24:09.432554 #8      _ClientAnalyzerPlugin.handleEditGetAssists (package:custom_lint_builder/src/client.dart:569:7)
[ConvertPositionalToNamedFormal] 2026-02-09T13:24:09.432554 <asynchronous suspension>
[ConvertPositionalToNamedFormal] 2026-02-09T13:24:09.432554 #9      ServerPlugin._getResponse (package:analyzer_plugin/plugin/plugin.dart:554:18)
[ConvertPositionalToNamedFormal] 2026-02-09T13:24:09.432554 <asynchronous suspension>
[ConvertPositionalToNamedFormal] 2026-02-09T13:24:09.432554 #10     ServerPlugin._onRequest (package:analyzer_plugin/plugin/plugin.dart:597:18)
[ConvertPositionalToNamedFormal] 2026-02-09T13:24:09.432554 <asynchronous suspension>
[ConvertPositionalToNamedFormal] 2026-02-09T13:24:09.432554
[ConvertPositionalToNamedFormal] 2026-02-09T13:24:09.819573 Plugin ConvertPositionalToNamedFormal threw while analyzing /Users/cudzik/Documents/add2app-framework/add2app-framework-poc/signal_module/lib/main.dart:
[ConvertPositionalToNamedFormal] 2026-02-09T13:24:09.819573 Could not format because the source could not be parsed:
[ConvertPositionalToNamedFormal] 2026-02-09T13:24:09.819573
[ConvertPositionalToNamedFormal] 2026-02-09T13:24:09.819573 line 16, column 55 of .: Expected to find ')'.
[ConvertPositionalToNamedFormal] 2026-02-09T13:24:09.819573    ╷
[ConvertPositionalToNamedFormal] 2026-02-09T13:24:09.819573 16 │   Map<String, PageRoute Function(RouteSettings, String{required this.null,})> routerMap = {
[ConvertPositionalToNamedFormal] 2026-02-09T13:24:09.819573    │                                                       ^
[ConvertPositionalToNamedFormal] 2026-02-09T13:24:09.819573    ╵
[ConvertPositionalToNamedFormal] 2026-02-09T13:24:09.819573 #0      DartFormatter.formatSource (package:dart_style/src/dart_formatter.dart:182:7)
[ConvertPositionalToNamedFormal] 2026-02-09T13:24:09.819573 #1      DartFileEditBuilderImpl.format (package:analyzer_plugin/src/utilities/change_builder/change_builder_dart.dart:1580:57)
[ConvertPositionalToNamedFormal] 2026-02-09T13:24:09.819573 #2      ConvertPositionalToNamedFormal.run.<anonymous closure>.<anonymous closure> (package:leancode_lint/assists/convert_positional_to_named_formal.dart:98:21)
[ConvertPositionalToNamedFormal] 2026-02-09T13:24:09.819573 #3      ChangeBuilderImpl.addDartFileEdit (package:analyzer_plugin/src/utilities/change_builder/change_builder_core.dart:170:26)
[ConvertPositionalToNamedFormal] 2026-02-09T13:24:09.819573 <asynchronous suspension>
[ConvertPositionalToNamedFormal] 2026-02-09T13:24:09.819573 #4      Future.wait.<anonymous closure> (dart:async/future.dart:546:21)
[ConvertPositionalToNamedFormal] 2026-02-09T13:24:09.819573 <asynchronous suspension>
[ConvertPositionalToNamedFormal] 2026-02-09T13:24:09.819573 #5      ChangeBuilderImpl.waitForCompletion (package:custom_lint_core/src/change_reporter.dart:285:5)
[ConvertPositionalToNamedFormal] 2026-02-09T13:24:09.819573 <asynchronous suspension>
[ConvertPositionalToNamedFormal] 2026-02-09T13:24:09.819573 #6      ChangeBuilderImpl.complete (package:custom_lint_core/src/change_reporter.dart:294:5)
[ConvertPositionalToNamedFormal] 2026-02-09T13:24:09.819573 <asynchronous suspension>
[ConvertPositionalToNamedFormal] 2026-02-09T13:24:09.819573 #7      Future.wait.<anonymous closure> (dart:async/future.dart:546:21)
[ConvertPositionalToNamedFormal] 2026-02-09T13:24:09.819573 <asynchronous suspension>
[ConvertPositionalToNamedFormal] 2026-02-09T13:24:09.819573 #8      _ClientAnalyzerPlugin.handleEditGetAssists (package:custom_lint_builder/src/client.dart:569:7)
[ConvertPositionalToNamedFormal] 2026-02-09T13:24:09.819573 <asynchronous suspension>
[ConvertPositionalToNamedFormal] 2026-02-09T13:24:09.819573 #9      ServerPlugin._getResponse (package:analyzer_plugin/plugin/plugin.dart:554:18)
[ConvertPositionalToNamedFormal] 2026-02-09T13:24:09.819573 <asynchronous suspension>
[ConvertPositionalToNamedFormal] 2026-02-09T13:24:09.819573 #10     ServerPlugin._onRequest (package:analyzer_plugin/plugin/plugin.dart:597:18)
[ConvertPositionalToNamedFormal] 2026-02-09T13:24:09.819573 <asynchronous suspension>
[ConvertPositionalToNamedFormal] 2026-02-09T13:24:09.819573
[ConvertPositionalToNamedFormal] 2026-02-09T13:24:10.843596 Plugin ConvertPositionalToNamedFormal threw while analyzing /Users/cudzik/Documents/add2app-framework/add2app-framework-poc/signal_module/lib/main.dart:
[ConvertPositionalToNamedFormal] 2026-02-09T13:24:10.843596 Could not format because the source could not be parsed:
[ConvertPositionalToNamedFormal] 2026-02-09T13:24:10.843596
[ConvertPositionalToNamedFormal] 2026-02-09T13:24:10.843596 line 17, column 42 of .: Expected to find ')'.
[ConvertPositionalToNamedFormal] 2026-02-09T13:24:10.843596    ╷
[ConvertPositionalToNamedFormal] 2026-02-09T13:24:10.843596 17 │     'contactDetails': (settings, uniqueId{required this.isContainerPage,}) {
[ConvertPositionalToNamedFormal] 2026-02-09T13:24:10.843596    │                                          ^
[ConvertPositionalToNamedFormal] 2026-02-09T13:24:10.843596    ╵
[ConvertPositionalToNamedFormal] 2026-02-09T13:24:10.843596 #0      DartFormatter.formatSource (package:dart_style/src/dart_formatter.dart:182:7)
[ConvertPositionalToNamedFormal] 2026-02-09T13:24:10.843596 #1      DartFileEditBuilderImpl.format (package:analyzer_plugin/src/utilities/change_builder/change_builder_dart.dart:1580:57)
[ConvertPositionalToNamedFormal] 2026-02-09T13:24:10.843596 #2      ConvertPositionalToNamedFormal.run.<anonymous closure>.<anonymous closure> (package:leancode_lint/assists/convert_positional_to_named_formal.dart:98:21)
[ConvertPositionalToNamedFormal] 2026-02-09T13:24:10.843596 #3      ChangeBuilderImpl.addDartFileEdit (package:analyzer_plugin/src/utilities/change_builder/change_builder_core.dart:170:26)
[ConvertPositionalToNamedFormal] 2026-02-09T13:24:10.843596 <asynchronous suspension>
[ConvertPositionalToNamedFormal] 2026-02-09T13:24:10.843596 #4      Future.wait.<anonymous closure> (dart:async/future.dart:546:21)
[ConvertPositionalToNamedFormal] 2026-02-09T13:24:10.843596 <asynchronous suspension>
[ConvertPositionalToNamedFormal] 2026-02-09T13:24:10.843596 #5      ChangeBuilderImpl.waitForCompletion (package:custom_lint_core/src/change_reporter.dart:285:5)
[ConvertPositionalToNamedFormal] 2026-02-09T13:24:10.843596 <asynchronous suspension>
[ConvertPositionalToNamedFormal] 2026-02-09T13:24:10.843596 #6      ChangeBuilderImpl.complete (package:custom_lint_core/src/change_reporter.dart:294:5)
[ConvertPositionalToNamedFormal] 2026-02-09T13:24:10.843596 <asynchronous suspension>
[ConvertPositionalToNamedFormal] 2026-02-09T13:24:10.843596 #7      Future.wait.<anonymous closure> (dart:async/future.dart:546:21)
[ConvertPositionalToNamedFormal] 2026-02-09T13:24:10.843596 <asynchronous suspension>
[ConvertPositionalToNamedFormal] 2026-02-09T13:24:10.843596 #8      _ClientAnalyzerPlugin.handleEditGetAssists (package:custom_lint_builder/src/client.dart:569:7)
[ConvertPositionalToNamedFormal] 2026-02-09T13:24:10.843596 <asynchronous suspension>
[ConvertPositionalToNamedFormal] 2026-02-09T13:24:10.843596 #9      ServerPlugin._getResponse (package:analyzer_plugin/plugin/plugin.dart:554:18)
[ConvertPositionalToNamedFormal] 2026-02-09T13:24:10.843596 <asynchronous suspension>
[ConvertPositionalToNamedFormal] 2026-02-09T13:24:10.843596 #10     ServerPlugin._onRequest (package:analyzer_plugin/plugin/plugin.dart:597:18)
[ConvertPositionalToNamedFormal] 2026-02-09T13:24:10.843596 <asynchronous suspension>
[ConvertPositionalToNamedFormal] 2026-02-09T13:24:10.843596
[ConvertPositionalToNamedFormal] 2026-02-09T13:24:11.228042 Plugin ConvertPositionalToNamedFormal threw while analyzing /Users/cudzik/Documents/add2app-framework/add2app-framework-poc/signal_module/lib/main.dart:
[ConvertPositionalToNamedFormal] 2026-02-09T13:24:11.228042 Could not format because the source could not be parsed:
[ConvertPositionalToNamedFormal] 2026-02-09T13:24:11.228042
[ConvertPositionalToNamedFormal] 2026-02-09T13:24:11.228042 line 17, column 42 of .: Expected to find ')'.
[ConvertPositionalToNamedFormal] 2026-02-09T13:24:11.228042    ╷
[ConvertPositionalToNamedFormal] 2026-02-09T13:24:11.228042 17 │     'contactDetails': (settings, uniqueId{required this.isContainerPage,}) {
[ConvertPositionalToNamedFormal] 2026-02-09T13:24:11.228042    │                                          ^
[ConvertPositionalToNamedFormal] 2026-02-09T13:24:11.228042    ╵
[ConvertPositionalToNamedFormal] 2026-02-09T13:24:11.228042 #0      DartFormatter.formatSource (package:dart_style/src/dart_formatter.dart:182:7)
[ConvertPositionalToNamedFormal] 2026-02-09T13:24:11.228042 #1      DartFileEditBuilderImpl.format (package:analyzer_plugin/src/utilities/change_builder/change_builder_dart.dart:1580:57)
[ConvertPositionalToNamedFormal] 2026-02-09T13:24:11.228042 #2      ConvertPositionalToNamedFormal.run.<anonymous closure>.<anonymous closure> (package:leancode_lint/assists/convert_positional_to_named_formal.dart:98:21)
[ConvertPositionalToNamedFormal] 2026-02-09T13:24:11.228042 #3      ChangeBuilderImpl.addDartFileEdit (package:analyzer_plugin/src/utilities/change_builder/change_builder_core.dart:170:26)
[ConvertPositionalToNamedFormal] 2026-02-09T13:24:11.228042 <asynchronous suspension>
[ConvertPositionalToNamedFormal] 2026-02-09T13:24:11.228042 #4      Future.wait.<anonymous closure> (dart:async/future.dart:546:21)
[ConvertPositionalToNamedFormal] 2026-02-09T13:24:11.228042 <asynchronous suspension>
[ConvertPositionalToNamedFormal] 2026-02-09T13:24:11.228042 #5      ChangeBuilderImpl.waitForCompletion (package:custom_lint_core/src/change_reporter.dart:285:5)
[ConvertPositionalToNamedFormal] 2026-02-09T13:24:11.228042 <asynchronous suspension>
[ConvertPositionalToNamedFormal] 2026-02-09T13:24:11.228042 #6      ChangeBuilderImpl.complete (package:custom_lint_core/src/change_reporter.dart:294:5)
[ConvertPositionalToNamedFormal] 2026-02-09T13:24:11.228042 <asynchronous suspension>
[ConvertPositionalToNamedFormal] 2026-02-09T13:24:11.228042 #7      Future.wait.<anonymous closure> (dart:async/future.dart:546:21)
[ConvertPositionalToNamedFormal] 2026-02-09T13:24:11.228042 <asynchronous suspension>
[ConvertPositionalToNamedFormal] 2026-02-09T13:24:11.228042 #8      _ClientAnalyzerPlugin.handleEditGetAssists (package:custom_lint_builder/src/client.dart:569:7)
[ConvertPositionalToNamedFormal] 2026-02-09T13:24:11.228042 <asynchronous suspension>
[ConvertPositionalToNamedFormal] 2026-02-09T13:24:11.228042 #9      ServerPlugin._getResponse (package:analyzer_plugin/plugin/plugin.dart:554:18)
[ConvertPositionalToNamedFormal] 2026-02-09T13:24:11.228042 <asynchronous suspension>
[ConvertPositionalToNamedFormal] 2026-02-09T13:24:11.228042 #10     ServerPlugin._onRequest (package:analyzer_plugin/plugin/plugin.dart:597:18)
[ConvertPositionalToNamedFormal] 2026-02-09T13:24:11.228042 <asynchronous suspension>
[ConvertPositionalToNamedFormal] 2026-02-09T13:24:11.228042
[ConvertPositionalToNamedFormal] 2026-02-09T13:24:11.721503 Plugin ConvertPositionalToNamedFormal threw while analyzing /Users/cudzik/Documents/add2app-framework/add2app-framework-poc/signal_module/lib/main.dart:
[ConvertPositionalToNamedFormal] 2026-02-09T13:24:11.721503 Could not format because the source could not be parsed:
[ConvertPositionalToNamedFormal] 2026-02-09T13:24:11.721503
[ConvertPositionalToNamedFormal] 2026-02-09T13:24:11.721503 line 17, column 49 of .: Expected to find ')'.
[ConvertPositionalToNamedFormal] 2026-02-09T13:24:11.721503    ╷
[ConvertPositionalToNamedFormal] 2026-02-09T13:24:11.721503 17 │     'contactDetails': (isContainerPage, uniqueId{required this.settings,}) {
[ConvertPositionalToNamedFormal] 2026-02-09T13:24:11.721503    │                                                 ^
[ConvertPositionalToNamedFormal] 2026-02-09T13:24:11.721503    ╵
[ConvertPositionalToNamedFormal] 2026-02-09T13:24:11.721503 #0      DartFormatter.formatSource (package:dart_style/src/dart_formatter.dart:182:7)
[ConvertPositionalToNamedFormal] 2026-02-09T13:24:11.721503 #1      DartFileEditBuilderImpl.format (package:analyzer_plugin/src/utilities/change_builder/change_builder_dart.dart:1580:57)
[ConvertPositionalToNamedFormal] 2026-02-09T13:24:11.721503 #2      ConvertPositionalToNamedFormal.run.<anonymous closure>.<anonymous closure> (package:leancode_lint/assists/convert_positional_to_named_formal.dart:98:21)
[ConvertPositionalToNamedFormal] 2026-02-09T13:24:11.721503 #3      ChangeBuilderImpl.addDartFileEdit (package:analyzer_plugin/src/utilities/change_builder/change_builder_core.dart:170:26)
[ConvertPositionalToNamedFormal] 2026-02-09T13:24:11.721503 <asynchronous suspension>
[ConvertPositionalToNamedFormal] 2026-02-09T13:24:11.721503 #4      Future.wait.<anonymous closure> (dart:async/future.dart:546:21)
[ConvertPositionalToNamedFormal] 2026-02-09T13:24:11.721503 <asynchronous suspension>
[ConvertPositionalToNamedFormal] 2026-02-09T13:24:11.721503 #5      ChangeBuilderImpl.waitForCompletion (package:custom_lint_core/src/change_reporter.dart:285:5)
[ConvertPositionalToNamedFormal] 2026-02-09T13:24:11.721503 <asynchronous suspension>
[ConvertPositionalToNamedFormal] 2026-02-09T13:24:11.721503 #6      ChangeBuilderImpl.complete (package:custom_lint_core/src/change_reporter.dart:294:5)
[ConvertPositionalToNamedFormal] 2026-02-09T13:24:11.721503 <asynchronous suspension>
[ConvertPositionalToNamedFormal] 2026-02-09T13:24:11.721503 #7      Future.wait.<anonymous closure> (dart:async/future.dart:546:21)
[ConvertPositionalToNamedFormal] 2026-02-09T13:24:11.721503 <asynchronous suspension>
[ConvertPositionalToNamedFormal] 2026-02-09T13:24:11.721503 #8      _ClientAnalyzerPlugin.handleEditGetAssists (package:custom_lint_builder/src/client.dart:569:7)
[ConvertPositionalToNamedFormal] 2026-02-09T13:24:11.721503 <asynchronous suspension>
[ConvertPositionalToNamedFormal] 2026-02-09T13:24:11.721503 #9      ServerPlugin._getResponse (package:analyzer_plugin/plugin/plugin.dart:554:18)
[ConvertPositionalToNamedFormal] 2026-02-09T13:24:11.721503 <asynchronous suspension>
[ConvertPositionalToNamedFormal] 2026-02-09T13:24:11.721503 #10     ServerPlugin._onRequest (package:analyzer_plugin/plugin/plugin.dart:597:18)
[ConvertPositionalToNamedFormal] 2026-02-09T13:24:11.721503 <asynchronous suspension>
[ConvertPositionalToNamedFormal] 2026-02-09T13:24:11.721503
[ConvertPositionalToNamedFormal] 2026-02-09T13:24:12.192969 Plugin ConvertPositionalToNamedFormal threw while analyzing /Users/cudzik/Documents/add2app-framework/add2app-framework-poc/signal_module/lib/main.dart:
[ConvertPositionalToNamedFormal] 2026-02-09T13:24:12.192969 Could not format because the source could not be parsed:
[ConvertPositionalToNamedFormal] 2026-02-09T13:24:12.192969
[ConvertPositionalToNamedFormal] 2026-02-09T13:24:12.192969 line 17, column 49 of .: Expected to find ')'.
[ConvertPositionalToNamedFormal] 2026-02-09T13:24:12.192969    ╷
[ConvertPositionalToNamedFormal] 2026-02-09T13:24:12.192969 17 │     'contactDetails': (isContainerPage, uniqueId{required this.settings,}) {
[ConvertPositionalToNamedFormal] 2026-02-09T13:24:12.192969    │                                                 ^
[ConvertPositionalToNamedFormal] 2026-02-09T13:24:12.192969    ╵
[ConvertPositionalToNamedFormal] 2026-02-09T13:24:12.192969 #0      DartFormatter.formatSource (package:dart_style/src/dart_formatter.dart:182:7)
[ConvertPositionalToNamedFormal] 2026-02-09T13:24:12.192969 #1      DartFileEditBuilderImpl.format (package:analyzer_plugin/src/utilities/change_builder/change_builder_dart.dart:1580:57)
[ConvertPositionalToNamedFormal] 2026-02-09T13:24:12.192969 #2      ConvertPositionalToNamedFormal.run.<anonymous closure>.<anonymous closure> (package:leancode_lint/assists/convert_positional_to_named_formal.dart:98:21)
[ConvertPositionalToNamedFormal] 2026-02-09T13:24:12.192969 #3      ChangeBuilderImpl.addDartFileEdit (package:analyzer_plugin/src/utilities/change_builder/change_builder_core.dart:170:26)
[ConvertPositionalToNamedFormal] 2026-02-09T13:24:12.192969 <asynchronous suspension>
[ConvertPositionalToNamedFormal] 2026-02-09T13:24:12.192969 #4      Future.wait.<anonymous closure> (dart:async/future.dart:546:21)
[ConvertPositionalToNamedFormal] 2026-02-09T13:24:12.192969 <asynchronous suspension>
[ConvertPositionalToNamedFormal] 2026-02-09T13:24:12.192969 #5      ChangeBuilderImpl.waitForCompletion (package:custom_lint_core/src/change_reporter.dart:285:5)
[ConvertPositionalToNamedFormal] 2026-02-09T13:24:12.192969 <asynchronous suspension>
[ConvertPositionalToNamedFormal] 2026-02-09T13:24:12.192969 #6      ChangeBuilderImpl.complete (package:custom_lint_core/src/change_reporter.dart:294:5)
[ConvertPositionalToNamedFormal] 2026-02-09T13:24:12.192969 <asynchronous suspension>
[ConvertPositionalToNamedFormal] 2026-02-09T13:24:12.192969 #7      Future.wait.<anonymous closure> (dart:async/future.dart:546:21)
[ConvertPositionalToNamedFormal] 2026-02-09T13:24:12.192969 <asynchronous suspension>
[ConvertPositionalToNamedFormal] 2026-02-09T13:24:12.192969 #8      _ClientAnalyzerPlugin.handleEditGetAssists (package:custom_lint_builder/src/client.dart:569:7)
[ConvertPositionalToNamedFormal] 2026-02-09T13:24:12.192969 <asynchronous suspension>
[ConvertPositionalToNamedFormal] 2026-02-09T13:24:12.192969 #9      ServerPlugin._getResponse (package:analyzer_plugin/plugin/plugin.dart:554:18)
[ConvertPositionalToNamedFormal] 2026-02-09T13:24:12.192969 <asynchronous suspension>
[ConvertPositionalToNamedFormal] 2026-02-09T13:24:12.192969 #10     ServerPlugin._onRequest (package:analyzer_plugin/plugin/plugin.dart:597:18)
[ConvertPositionalToNamedFormal] 2026-02-09T13:24:12.192969 <asynchronous suspension>
[ConvertPositionalToNamedFormal] 2026-02-09T13:24:12.192969
[ConvertPositionalToNamedFormal] 2026-02-09T13:24:12.945500 Plugin ConvertPositionalToNamedFormal threw while analyzing /Users/cudzik/Documents/add2app-framework/add2app-framework-poc/signal_module/lib/main.dart:
[ConvertPositionalToNamedFormal] 2026-02-09T13:24:12.945500 Could not format because the source could not be parsed:
[ConvertPositionalToNamedFormal] 2026-02-09T13:24:12.945500
[ConvertPositionalToNamedFormal] 2026-02-09T13:24:12.945500 line 17, column 49 of .: Expected to find ')'.
[ConvertPositionalToNamedFormal] 2026-02-09T13:24:12.945500    ╷
[ConvertPositionalToNamedFormal] 2026-02-09T13:24:12.945500 17 │     'contactDetails': (isContainerPage, uniqueId{required this.settings,}) {
[ConvertPositionalToNamedFormal] 2026-02-09T13:24:12.945500    │                                                 ^
[ConvertPositionalToNamedFormal] 2026-02-09T13:24:12.945500    ╵
[ConvertPositionalToNamedFormal] 2026-02-09T13:24:12.945500 #0      DartFormatter.formatSource (package:dart_style/src/dart_formatter.dart:182:7)
[ConvertPositionalToNamedFormal] 2026-02-09T13:24:12.945500 #1      DartFileEditBuilderImpl.format (package:analyzer_plugin/src/utilities/change_builder/change_builder_dart.dart:1580:57)
[ConvertPositionalToNamedFormal] 2026-02-09T13:24:12.945500 #2      ConvertPositionalToNamedFormal.run.<anonymous closure>.<anonymous closure> (package:leancode_lint/assists/convert_positional_to_named_formal.dart:98:21)
[ConvertPositionalToNamedFormal] 2026-02-09T13:24:12.945500 #3      ChangeBuilderImpl.addDartFileEdit (package:analyzer_plugin/src/utilities/change_builder/change_builder_core.dart:170:26)
[ConvertPositionalToNamedFormal] 2026-02-09T13:24:12.945500 <asynchronous suspension>
[ConvertPositionalToNamedFormal] 2026-02-09T13:24:12.945500 #4      Future.wait.<anonymous closure> (dart:async/future.dart:546:21)
[ConvertPositionalToNamedFormal] 2026-02-09T13:24:12.945500 <asynchronous suspension>
[ConvertPositionalToNamedFormal] 2026-02-09T13:24:12.945500 #5      ChangeBuilderImpl.waitForCompletion (package:custom_lint_core/src/change_reporter.dart:285:5)
[ConvertPositionalToNamedFormal] 2026-02-09T13:24:12.945500 <asynchronous suspension>
[ConvertPositionalToNamedFormal] 2026-02-09T13:24:12.945500 #6      ChangeBuilderImpl.complete (package:custom_lint_core/src/change_reporter.dart:294:5)
[ConvertPositionalToNamedFormal] 2026-02-09T13:24:12.945500 <asynchronous suspension>
[ConvertPositionalToNamedFormal] 2026-02-09T13:24:12.945500 #7      Future.wait.<anonymous closure> (dart:async/future.dart:546:21)
[ConvertPositionalToNamedFormal] 2026-02-09T13:24:12.945500 <asynchronous suspension>
[ConvertPositionalToNamedFormal] 2026-02-09T13:24:12.945500 #8      _ClientAnalyzerPlugin.handleEditGetAssists (package:custom_lint_builder/src/client.dart:569:7)
[ConvertPositionalToNamedFormal] 2026-02-09T13:24:12.945500 <asynchronous suspension>
[ConvertPositionalToNamedFormal] 2026-02-09T13:24:12.945500 #9      ServerPlugin._getResponse (package:analyzer_plugin/plugin/plugin.dart:554:18)
[ConvertPositionalToNamedFormal] 2026-02-09T13:24:12.945500 <asynchronous suspension>
[ConvertPositionalToNamedFormal] 2026-02-09T13:24:12.945500 #10     ServerPlugin._onRequest (package:analyzer_plugin/plugin/plugin.dart:597:18)
[ConvertPositionalToNamedFormal] 2026-02-09T13:24:12.945500 <asynchronous suspension>
[ConvertPositionalToNamedFormal] 2026-02-09T13:24:12.945500
[ConvertPositionalToNamedFormal] 2026-02-09T13:24:13.320364 Plugin ConvertPositionalToNamedFormal threw while analyzing /Users/cudzik/Documents/add2app-framework/add2app-framework-poc/signal_module/lib/main.dart:
[ConvertPositionalToNamedFormal] 2026-02-09T13:24:13.320364 Could not format because the source could not be parsed:
[ConvertPositionalToNamedFormal] 2026-02-09T13:24:13.320364
[ConvertPositionalToNamedFormal] 2026-02-09T13:24:13.320364 line 17, column 32 of .: Expected to find ')'.
[ConvertPositionalToNamedFormal] 2026-02-09T13:24:13.320364    ╷
[ConvertPositionalToNamedFormal] 2026-02-09T13:24:13.320364 17 │     'contactDetails': (uniqueId{required this.settings,}) {
[ConvertPositionalToNamedFormal] 2026-02-09T13:24:13.320364    │                                ^
[ConvertPositionalToNamedFormal] 2026-02-09T13:24:13.320364    ╵
[ConvertPositionalToNamedFormal] 2026-02-09T13:24:13.320364 #0      DartFormatter.formatSource (package:dart_style/src/dart_formatter.dart:182:7)
[ConvertPositionalToNamedFormal] 2026-02-09T13:24:13.320364 #1      DartFileEditBuilderImpl.format (package:analyzer_plugin/src/utilities/change_builder/change_builder_dart.dart:1580:57)
[ConvertPositionalToNamedFormal] 2026-02-09T13:24:13.320364 #2      ConvertPositionalToNamedFormal.run.<anonymous closure>.<anonymous closure> (package:leancode_lint/assists/convert_positional_to_named_formal.dart:98:21)
[ConvertPositionalToNamedFormal] 2026-02-09T13:24:13.320364 #3      ChangeBuilderImpl.addDartFileEdit (package:analyzer_plugin/src/utilities/change_builder/change_builder_core.dart:170:26)
[ConvertPositionalToNamedFormal] 2026-02-09T13:24:13.320364 <asynchronous suspension>
[ConvertPositionalToNamedFormal] 2026-02-09T13:24:13.320364 #4      Future.wait.<anonymous closure> (dart:async/future.dart:546:21)
[ConvertPositionalToNamedFormal] 2026-02-09T13:24:13.320364 <asynchronous suspension>
[ConvertPositionalToNamedFormal] 2026-02-09T13:24:13.320364 #5      ChangeBuilderImpl.waitForCompletion (package:custom_lint_core/src/change_reporter.dart:285:5)
[ConvertPositionalToNamedFormal] 2026-02-09T13:24:13.320364 <asynchronous suspension>
[ConvertPositionalToNamedFormal] 2026-02-09T13:24:13.320364 #6      ChangeBuilderImpl.complete (package:custom_lint_core/src/change_reporter.dart:294:5)
[ConvertPositionalToNamedFormal] 2026-02-09T13:24:13.320364 <asynchronous suspension>
[ConvertPositionalToNamedFormal] 2026-02-09T13:24:13.320364 #7      Future.wait.<anonymous closure> (dart:async/future.dart:546:21)
[ConvertPositionalToNamedFormal] 2026-02-09T13:24:13.320364 <asynchronous suspension>
[ConvertPositionalToNamedFormal] 2026-02-09T13:24:13.320364 #8      _ClientAnalyzerPlugin.handleEditGetAssists (package:custom_lint_builder/src/client.dart:569:7)
[ConvertPositionalToNamedFormal] 2026-02-09T13:24:13.320364 <asynchronous suspension>
[ConvertPositionalToNamedFormal] 2026-02-09T13:24:13.320364 #9      ServerPlugin._getResponse (package:analyzer_plugin/plugin/plugin.dart:554:18)
[ConvertPositionalToNamedFormal] 2026-02-09T13:24:13.320364 <asynchronous suspension>
[ConvertPositionalToNamedFormal] 2026-02-09T13:24:13.320364 #10     ServerPlugin._onRequest (package:analyzer_plugin/plugin/plugin.dart:597:18)
[ConvertPositionalToNamedFormal] 2026-02-09T13:24:13.320364 <asynchronous suspension>
[ConvertPositionalToNamedFormal] 2026-02-09T13:24:13.320364
[ConvertPositionalToNamedFormal] 2026-02-09T13:24:19.252203 Plugin ConvertPositionalToNamedFormal threw while analyzing /Users/cudzik/Documents/add2app-framework/add2app-framework-poc/signal_module/lib/main.dart:
[ConvertPositionalToNamedFormal] 2026-02-09T13:24:19.252203 Could not format because the source could not be parsed:
[ConvertPositionalToNamedFormal] 2026-02-09T13:24:19.252203
[ConvertPositionalToNamedFormal] 2026-02-09T13:24:19.252203 line 39, column 54 of .: Expected to find ')'.
[ConvertPositionalToNamedFormal] 2026-02-09T13:24:19.252203    ╷
[ConvertPositionalToNamedFormal] 2026-02-09T13:24:19.252203 39 │     'soundsNotifications': (isContainerPage, uniqueId{required this.settings,}) {
[ConvertPositionalToNamedFormal] 2026-02-09T13:24:19.252203    │                                                      ^
[ConvertPositionalToNamedFormal] 2026-02-09T13:24:19.252203    ╵
[ConvertPositionalToNamedFormal] 2026-02-09T13:24:19.252203 #0      DartFormatter.formatSource (package:dart_style/src/dart_formatter.dart:182:7)
[ConvertPositionalToNamedFormal] 2026-02-09T13:24:19.252203 #1      DartFileEditBuilderImpl.format (package:analyzer_plugin/src/utilities/change_builder/change_builder_dart.dart:1580:57)
[ConvertPositionalToNamedFormal] 2026-02-09T13:24:19.252203 #2      ConvertPositionalToNamedFormal.run.<anonymous closure>.<anonymous closure> (package:leancode_lint/assists/convert_positional_to_named_formal.dart:98:21)
[ConvertPositionalToNamedFormal] 2026-02-09T13:24:19.252203 #3      ChangeBuilderImpl.addDartFileEdit (package:analyzer_plugin/src/utilities/change_builder/change_builder_core.dart:170:26)
[ConvertPositionalToNamedFormal] 2026-02-09T13:24:19.252203 <asynchronous suspension>
[ConvertPositionalToNamedFormal] 2026-02-09T13:24:19.252203 #4      Future.wait.<anonymous closure> (dart:async/future.dart:546:21)
[ConvertPositionalToNamedFormal] 2026-02-09T13:24:19.252203 <asynchronous suspension>
[ConvertPositionalToNamedFormal] 2026-02-09T13:24:19.252203 #5      ChangeBuilderImpl.waitForCompletion (package:custom_lint_core/src/change_reporter.dart:285:5)
[ConvertPositionalToNamedFormal] 2026-02-09T13:24:19.252203 <asynchronous suspension>
[ConvertPositionalToNamedFormal] 2026-02-09T13:24:19.252203 #6      ChangeBuilderImpl.complete (package:custom_lint_core/src/change_reporter.dart:294:5)
[ConvertPositionalToNamedFormal] 2026-02-09T13:24:19.252203 <asynchronous suspension>
[ConvertPositionalToNamedFormal] 2026-02-09T13:24:19.252203 #7      Future.wait.<anonymous closure> (dart:async/future.dart:546:21)
[ConvertPositionalToNamedFormal] 2026-02-09T13:24:19.252203 <asynchronous suspension>
[ConvertPositionalToNamedFormal] 2026-02-09T13:24:19.252203 #8      _ClientAnalyzerPlugin.handleEditGetAssists (package:custom_lint_builder/src/client.dart:569:7)
[ConvertPositionalToNamedFormal] 2026-02-09T13:24:19.252203 <asynchronous suspension>
[ConvertPositionalToNamedFormal] 2026-02-09T13:24:19.252203 #9      ServerPlugin._getResponse (package:analyzer_plugin/plugin/plugin.dart:554:18)
[ConvertPositionalToNamedFormal] 2026-02-09T13:24:19.252203 <asynchronous suspension>
[ConvertPositionalToNamedFormal] 2026-02-09T13:24:19.252203 #10     ServerPlugin._onRequest (package:analyzer_plugin/plugin/plugin.dart:597:18)
[ConvertPositionalToNamedFormal] 2026-02-09T13:24:19.252203 <asynchronous suspension>
[ConvertPositionalToNamedFormal] 2026-02-09T13:24:19.252203
[ConvertPositionalToNamedFormal] 2026-02-09T13:24:19.743135 Plugin ConvertPositionalToNamedFormal threw while analyzing /Users/cudzik/Documents/add2app-framework/add2app-framework-poc/signal_module/lib/main.dart:
[ConvertPositionalToNamedFormal] 2026-02-09T13:24:19.743135 Could not format because the source could not be parsed:
[ConvertPositionalToNamedFormal] 2026-02-09T13:24:19.743135
[ConvertPositionalToNamedFormal] 2026-02-09T13:24:19.743135 line 39, column 37 of .: Expected to find ')'.
[ConvertPositionalToNamedFormal] 2026-02-09T13:24:19.743135    ╷
[ConvertPositionalToNamedFormal] 2026-02-09T13:24:19.743135 39 │     'soundsNotifications': (uniqueId{required this.settings,}) {
[ConvertPositionalToNamedFormal] 2026-02-09T13:24:19.743135    │                                     ^
[ConvertPositionalToNamedFormal] 2026-02-09T13:24:19.743135    ╵
[ConvertPositionalToNamedFormal] 2026-02-09T13:24:19.743135 #0      DartFormatter.formatSource (package:dart_style/src/dart_formatter.dart:182:7)
[ConvertPositionalToNamedFormal] 2026-02-09T13:24:19.743135 #1      DartFileEditBuilderImpl.format (package:analyzer_plugin/src/utilities/change_builder/change_builder_dart.dart:1580:57)
[ConvertPositionalToNamedFormal] 2026-02-09T13:24:19.743135 #2      ConvertPositionalToNamedFormal.run.<anonymous closure>.<anonymous closure> (package:leancode_lint/assists/convert_positional_to_named_formal.dart:98:21)
[ConvertPositionalToNamedFormal] 2026-02-09T13:24:19.743135 #3      ChangeBuilderImpl.addDartFileEdit (package:analyzer_plugin/src/utilities/change_builder/change_builder_core.dart:170:26)
[ConvertPositionalToNamedFormal] 2026-02-09T13:24:19.743135 <asynchronous suspension>
[ConvertPositionalToNamedFormal] 2026-02-09T13:24:19.743135 #4      Future.wait.<anonymous closure> (dart:async/future.dart:546:21)
[ConvertPositionalToNamedFormal] 2026-02-09T13:24:19.743135 <asynchronous suspension>
[ConvertPositionalToNamedFormal] 2026-02-09T13:24:19.743135 #5      ChangeBuilderImpl.waitForCompletion (package:custom_lint_core/src/change_reporter.dart:285:5)
[ConvertPositionalToNamedFormal] 2026-02-09T13:24:19.743135 <asynchronous suspension>
[ConvertPositionalToNamedFormal] 2026-02-09T13:24:19.743135 #6      ChangeBuilderImpl.complete (package:custom_lint_core/src/change_reporter.dart:294:5)
[ConvertPositionalToNamedFormal] 2026-02-09T13:24:19.743135 <asynchronous suspension>
[ConvertPositionalToNamedFormal] 2026-02-09T13:24:19.743135 #7      Future.wait.<anonymous closure> (dart:async/future.dart:546:21)
[ConvertPositionalToNamedFormal] 2026-02-09T13:24:19.743135 <asynchronous suspension>
[ConvertPositionalToNamedFormal] 2026-02-09T13:24:19.743135 #8      _ClientAnalyzerPlugin.handleEditGetAssists (package:custom_lint_builder/src/client.dart:569:7)
[ConvertPositionalToNamedFormal] 2026-02-09T13:24:19.743135 <asynchronous suspension>
[ConvertPositionalToNamedFormal] 2026-02-09T13:24:19.743135 #9      ServerPlugin._getResponse (package:analyzer_plugin/plugin/plugin.dart:554:18)
[ConvertPositionalToNamedFormal] 2026-02-09T13:24:19.743135 <asynchronous suspension>
[ConvertPositionalToNamedFormal] 2026-02-09T13:24:19.743135 #10     ServerPlugin._onRequest (package:analyzer_plugin/plugin/plugin.dart:597:18)
[ConvertPositionalToNamedFormal] 2026-02-09T13:24:19.743135 <asynchronous suspension>
[ConvertPositionalToNamedFormal] 2026-02-09T13:24:19.743135
